-- phpMyAdmin SQL Dump
-- version 5.2.1
-- https://www.phpmyadmin.net/
--
-- Host: 127.0.0.1
-- Generation Time: 08 يناير 2026 الساعة 17:30
-- إصدار الخادم: 10.4.28-MariaDB
-- PHP Version: 8.2.4

SET SQL_MODE = "NO_AUTO_VALUE_ON_ZERO";
START TRANSACTION;
SET time_zone = "+00:00";


/*!40101 SET @OLD_CHARACTER_SET_CLIENT=@@CHARACTER_SET_CLIENT */;
/*!40101 SET @OLD_CHARACTER_SET_RESULTS=@@CHARACTER_SET_RESULTS */;
/*!40101 SET @OLD_COLLATION_CONNECTION=@@COLLATION_CONNECTION */;
/*!40101 SET NAMES utf8mb4 */;

--
-- Database: `ahjezli_db_v2_1`
--

-- --------------------------------------------------------

--
-- بنية الجدول `alembic_version`
--

CREATE TABLE `alembic_version` (
  `version_num` varchar(32) NOT NULL
) ENGINE=InnoDB DEFAULT CHARSET=utf8mb4 COLLATE=utf8mb4_unicode_ci;

-- --------------------------------------------------------

--
-- بنية الجدول `bookings`
--

CREATE TABLE `bookings` (
  `booking_id` int(10) UNSIGNED NOT NULL,
  `user_id` int(10) UNSIGNED NOT NULL,
  `trip_id` int(10) UNSIGNED NOT NULL COMMENT 'FK: يربط الحجز بالرحلة المحددة',
  `booking_reference` varchar(20) NOT NULL,
  `total_price` decimal(10,2) NOT NULL,
  `status_id` int(11) NOT NULL DEFAULT 1,
  `created_at` timestamp NOT NULL DEFAULT current_timestamp(),
  `updated_at` timestamp NOT NULL DEFAULT current_timestamp() ON UPDATE current_timestamp()
) ENGINE=InnoDB DEFAULT CHARSET=utf8mb4 COLLATE=utf8mb4_unicode_ci COMMENT='الحجوزات (الفواتير)';

--
-- إرجاع أو استيراد بيانات الجدول `bookings`
--

INSERT INTO `bookings` (`booking_id`, `user_id`, `trip_id`, `booking_reference`, `total_price`, `status_id`, `created_at`, `updated_at`) VALUES
(1, 10, 251, '1758BC8C2C0A', 150.00, 3, '2025-11-20 21:44:01', '2025-11-21 18:08:11'),
(2, 10, 251, '69D94E9C86B3', 150.00, 3, '2025-11-20 21:46:43', '2025-11-21 18:20:07'),
(3, 10, 251, '9DD354EF1FDA', 300.00, 3, '2025-11-20 21:49:59', '2025-11-21 20:48:52'),
(4, 10, 227, '7E981A4AF89D', 350.00, 3, '2025-11-20 22:42:13', '2025-11-20 23:04:52'),
(5, 10, 227, '860198C33278', 350.00, 3, '2025-11-20 22:43:21', '2025-11-20 22:58:26'),
(6, 10, 227, '6293AA28BD9F', 350.00, 3, '2025-11-20 23:06:10', '2025-11-21 20:45:44'),
(7, 3, 258, '22D37E985EDD', 100.00, 3, '2025-11-21 20:42:29', '2025-11-24 15:45:44'),
(8, 10, 258, 'AE29B5711B67', 100.00, 3, '2025-11-21 21:03:38', '2025-11-21 21:04:21'),
(9, 10, 258, 'BB4E1DEA429F', 100.00, 3, '2025-11-21 21:45:08', '2025-11-21 21:45:26'),
(10, 10, 258, '2E79B829E266', 100.00, 3, '2025-11-21 21:49:00', '2025-11-21 21:49:08'),
(11, 10, 258, 'C23097F39C0E', 100.00, 3, '2025-11-21 21:58:00', '2025-11-21 23:40:34'),
(12, 10, 258, '5A07AC818FFF', 100.00, 3, '2025-11-21 22:05:15', '2025-11-21 22:05:26'),
(13, 10, 258, 'A5084356D63C', 100.00, 3, '2025-11-21 22:13:54', '2025-11-21 22:15:22'),
(14, 10, 258, '808CEDD4343E', 100.00, 3, '2025-11-21 22:19:07', '2025-11-21 22:19:11'),
(15, 10, 258, '671361D9D5E4', 100.00, 3, '2025-11-21 22:25:49', '2025-11-21 22:26:55'),
(16, 10, 258, '83414AC5F8AE', 100.00, 3, '2025-11-21 22:27:50', '2025-11-21 22:27:58'),
(17, 10, 258, '79F623A6A23F', 100.00, 3, '2025-11-21 22:29:22', '2025-11-21 22:29:29'),
(18, 10, 258, '50E80842CD00', 100.00, 3, '2025-11-21 22:32:23', '2025-11-21 22:33:11'),
(19, 10, 258, '45AACB55DC90', 100.00, 3, '2025-11-21 22:47:46', '2025-11-21 22:47:53'),
(20, 10, 258, 'E8A3C78C1C5E', 100.00, 3, '2025-11-21 23:32:18', '2025-11-21 23:32:30'),
(21, 10, 258, '2F20C1F0AF7E', 100.00, 3, '2025-11-21 23:34:51', '2025-11-21 23:35:05'),
(22, 10, 259, '602FA78FA5EB', 1000.00, 3, '2025-11-21 21:52:15', '2025-11-21 23:54:16'),
(23, 10, 258, '0B13E385198F', 100.00, 3, '2025-11-22 20:17:37', '2025-11-22 20:54:40'),
(24, 10, 258, '2D442078A29F', 100.00, 2, '2025-11-22 20:55:48', '2025-11-22 20:55:48'),
(26, 10, 259, '8C352D64057F', 1000.00, 2, '2025-11-22 23:13:37', '2025-11-22 23:13:37'),
(27, 10, 259, '53B95E5668D2', 1000.00, 2, '2025-11-22 23:14:23', '2025-11-22 23:14:23'),
(28, 10, 259, '5E568139BBE3', 1000.00, 2, '2025-11-22 23:15:06', '2025-11-22 23:15:06'),
(29, 10, 259, 'DC06577FF86D', 1000.00, 2, '2025-11-22 23:25:30', '2025-11-22 23:25:30'),
(30, 10, 258, '48A96E8E7AB6', 100.00, 2, '2025-11-22 23:29:09', '2025-11-22 23:29:09'),
(31, 10, 258, '75FE21BB8675', 100.00, 2, '2025-11-22 23:29:57', '2025-11-22 23:29:57'),
(32, 10, 257, '396089883380', 100.00, 2, '2025-11-22 23:42:42', '2025-11-22 23:42:42'),
(33, 10, 257, '33F4CA4FF476', 100.00, 2, '2025-11-22 23:43:52', '2025-11-22 23:43:52'),
(34, 10, 257, '65BDB9DFA6C7', 100.00, 3, '2025-11-22 23:45:36', '2025-11-22 23:52:28'),
(35, 10, 256, '9FFB28B12B19', 200.00, 2, '2025-11-22 23:58:40', '2025-11-22 23:58:40'),
(36, 10, 255, '0658CFCAD059', 200.00, 2, '2025-11-23 00:02:48', '2025-11-23 00:02:48'),
(37, 3, 201, '784BEA33F826', 150.00, 3, '2025-11-24 16:03:04', '2025-11-24 16:05:19'),
(38, 3, 241, 'AF73803A97B4', 150.00, 2, '2025-11-24 21:58:21', '2025-11-24 21:58:21'),
(39, 3, 241, '8866BAA91AAA', 150.00, 2, '2025-11-24 22:00:38', '2025-11-24 22:00:38'),
(40, 3, 241, '349B7944A931', 150.00, 3, '2025-11-24 22:03:23', '2025-11-24 22:04:35'),
(41, 3, 241, '546ED308AC82', 150.00, 3, '2025-11-24 22:03:56', '2025-11-24 22:58:39'),
(42, 3, 241, '54EBAD4BAE26', 150.00, 3, '2025-11-24 22:57:54', '2025-11-24 23:09:52'),
(43, 3, 241, 'E6DA3B0A19B9', 150.00, 2, '2025-11-24 22:59:18', '2025-11-24 22:59:18'),
(44, 3, 261, '244825E3F843', 150.00, 3, '2025-11-28 02:38:18', '2025-11-28 02:39:14'),
(45, 3, 261, 'C0E4E060D656', 150.00, 2, '2025-11-28 02:39:56', '2025-11-28 02:39:56'),
(46, 3, 241, 'F1FA80E606F6', 150.00, 2, '2025-12-03 22:15:44', '2025-12-03 22:15:44');

-- --------------------------------------------------------

--
-- بنية الجدول `booking_seats`
--

CREATE TABLE `booking_seats` (
  `booking_seat_id` bigint(20) UNSIGNED NOT NULL,
  `booking_id` int(10) UNSIGNED NOT NULL COMMENT 'FK: يربط هذا المقعد المحجوز بالحجز الرئيسي (الفاتورة)',
  `trip_seat_id` bigint(20) UNSIGNED NOT NULL COMMENT 'FK: يربط هذا المقعد المحجوز بالمقعد الفعلي في الرحلة',
  `passenger_name` varchar(100) NOT NULL COMMENT 'اسم المسافر لهذا المقعد',
  `gender_id` int(11) DEFAULT NULL,
  `nationality_id` int(11) DEFAULT NULL,
  `date_of_birth` date DEFAULT NULL,
  `document_type_id` int(11) DEFAULT NULL,
  `passenger_document_number` varchar(50) DEFAULT NULL COMMENT 'رقم وثيقة المسافر',
  `document_image_url` varchar(255) DEFAULT NULL COMMENT 'رابط لصورة الوثيقة المرفوعة (اختياري)',
  `price_at_booking` decimal(10,2) NOT NULL COMMENT 'سعر هذا المقعد وقت الحجز (للسجلات التاريخية)',
  `status_id` int(11) NOT NULL DEFAULT 1 COMMENT 'FK: يربط بحالة التذكرة (Active, Cancelled, etc.)'
) ENGINE=InnoDB DEFAULT CHARSET=utf8mb4 COLLATE=utf8mb4_unicode_ci COMMENT='يمثل كل مقعد محجوز (تذكرة) داخل حجز معين';

--
-- إرجاع أو استيراد بيانات الجدول `booking_seats`
--

INSERT INTO `booking_seats` (`booking_seat_id`, `booking_id`, `trip_seat_id`, `passenger_name`, `gender_id`, `nationality_id`, `date_of_birth`, `document_type_id`, `passenger_document_number`, `document_image_url`, `price_at_booking`, `status_id`) VALUES
(1, 1, 837, 'خالد مشعل', NULL, NULL, NULL, NULL, '5476477467', NULL, 150.00, 1),
(2, 2, 838, 'خالد مشعل', NULL, NULL, NULL, NULL, '5476477467', NULL, 150.00, 1),
(3, 3, 839, 'ابرنس', NULL, NULL, NULL, NULL, '5476477467', NULL, 150.00, 1),
(4, 3, 840, 'شوكة قرم', NULL, NULL, NULL, NULL, '5476477467', NULL, 150.00, 1),
(5, 4, 17, 'fff', NULL, NULL, '2025-11-20', NULL, '578465', NULL, 350.00, 1),
(6, 5, 18, 'بب', NULL, NULL, '2025-11-20', NULL, '578465', NULL, 350.00, 1),
(7, 6, 17, 'string', NULL, NULL, '2025-11-20', NULL, 'string', NULL, 350.00, 1),
(8, 7, 861, 'جون كندي', NULL, NULL, '2025-11-21', NULL, '35543542', NULL, 100.00, 1),
(9, 8, 862, 'جون كندي', NULL, NULL, '2025-11-21', NULL, '35543542', NULL, 100.00, 1),
(10, 9, 862, 'جون كندي', NULL, NULL, '2025-11-21', NULL, '35543542', NULL, 100.00, 1),
(11, 10, 862, 'جون كندي', NULL, NULL, '2025-11-21', NULL, '35543542', NULL, 100.00, 1),
(12, 11, 862, 'جون كندي', NULL, NULL, '2025-11-21', NULL, '35543542', NULL, 100.00, 1),
(13, 12, 862, 'جون كندي', NULL, NULL, '2025-11-21', NULL, '35543542', NULL, 100.00, 1),
(14, 13, 862, 'جون كندي', NULL, NULL, '2025-11-21', NULL, '35543542', NULL, 100.00, 1),
(15, 14, 862, 'جون كندي', NULL, NULL, '2025-11-21', NULL, '35543542', NULL, 100.00, 1),
(16, 15, 862, 'جون كندي', NULL, NULL, '2025-11-21', NULL, '35543542', NULL, 100.00, 1),
(17, 16, 862, 'جون كندي', NULL, NULL, '2025-11-21', NULL, '35543542', NULL, 100.00, 1),
(18, 17, 862, 'جون كندي', NULL, NULL, '2025-11-21', NULL, '35543542', NULL, 100.00, 1),
(19, 18, 862, 'جون كندي', NULL, NULL, '2025-11-21', NULL, '35543542', NULL, 100.00, 1),
(20, 19, 862, 'جون كندي', NULL, NULL, '2025-11-21', NULL, '35543542', NULL, 100.00, 1),
(21, 20, 862, 'جون كندي', NULL, NULL, '2025-11-21', NULL, '35543542', 'uploads/booking_documents/ffbafff2-2faf-40ff-9fc7-52be553c1516.png', 100.00, 1),
(22, 21, 862, 'جون كندي', NULL, NULL, '2025-11-21', NULL, '35543542', NULL, 100.00, 1),
(23, 22, 867, 'جون كندي', NULL, NULL, '2025-11-21', NULL, '35543542', NULL, 1000.00, 1),
(24, 23, 862, 'خالد وائل', NULL, NULL, '2025-11-22', NULL, '66544rrt', 'uploads/booking_documents/6753bc1b-e412-427f-b43e-d7143f0fdeda.png', 100.00, 1),
(25, 24, 862, 'خالد وائل', NULL, NULL, '2025-11-22', NULL, '66544rrt', 'uploads/booking_documents/762cdc94-bf74-477e-a7e0-772768bcf2be.png', 100.00, 1),
(26, 26, 865, 'string', NULL, NULL, '2025-11-22', NULL, 'string', NULL, 1000.00, 1),
(27, 27, 866, 'string', NULL, NULL, '2025-11-22', NULL, 'string', NULL, 1000.00, 1),
(28, 28, 867, 'll', NULL, NULL, '2025-11-22', NULL, 'string', NULL, 1000.00, 1),
(29, 29, 868, 'حسام الشحر', NULL, NULL, '2025-11-22', NULL, '465465dggf', NULL, 1000.00, 1),
(30, 30, 863, 'حمود سالم خالد', NULL, NULL, '2025-11-22', NULL, '465465dggf', NULL, 100.00, 1),
(31, 31, 864, 'حسام الشحر', NULL, NULL, '2025-11-22', NULL, '465465dggf', NULL, 100.00, 1),
(32, 32, 860, 'حمود سالم خالد', NULL, NULL, '2025-11-22', NULL, '465465dggf', NULL, 100.00, 1),
(33, 33, 859, 'حمود سالم خالد', NULL, NULL, '2025-11-22', NULL, '465465dggf', NULL, 100.00, 1),
(34, 34, 858, 'string', NULL, NULL, '2025-11-22', NULL, 'string', NULL, 100.00, 1),
(35, 35, 853, 'string', NULL, NULL, '2025-11-22', NULL, 'string', NULL, 100.00, 1),
(36, 35, 854, 'حسام الشحر', NULL, NULL, '2025-11-22', NULL, '465465dggf', NULL, 100.00, 1),
(37, 36, 850, 'string', NULL, NULL, '2025-11-22', NULL, 'string', NULL, 100.00, 1),
(38, 36, 851, 'حسام الشحر', NULL, NULL, '2025-11-22', NULL, '465465dggf', NULL, 100.00, 1),
(39, 37, 1, 'محمد سلام', NULL, NULL, '2025-11-24', NULL, '535354', NULL, 150.00, 1),
(40, 38, 509, 'es rtg', 1, 2, '2020-11-24', 1, '4656fg', 'uploads/booking_documents/ce1fc4ff-e38d-4b81-b912-09a9214e9a95.png', 150.00, 1),
(41, 39, 510, 'es rtg', 1, 2, '2020-11-24', 1, '4656fg', NULL, 150.00, 1),
(42, 40, 511, 'es rtg', 1, 2, '2020-11-24', 1, '4656fg', NULL, 150.00, 1),
(43, 41, 512, 'es rtg', 1, 2, '2020-11-24', 1, '4656fg', NULL, 150.00, 1),
(44, 42, 482, 'es rtg', 1, 2, '2020-11-24', 1, '4656fg', 'uploads/booking_documents/b9401d32-25ab-43bf-a25c-f0bf3bac8985.png', 150.00, 1),
(45, 43, 483, 'es rtg', 1, 2, '2020-11-24', 1, '4656fg', NULL, 150.00, 1),
(46, 44, 918, 'حبوب', 2, 1, '2025-11-24', 1, 'tetetre34', NULL, 150.00, 1),
(47, 45, 918, 'حبوب', 2, 1, '2025-11-24', 1, 'tetetre34', NULL, 150.00, 1),
(48, 46, 484, 'عمود منوز', NULL, NULL, '2025-11-22', NULL, '64gfhgf54', NULL, 150.00, 1);

-- --------------------------------------------------------

--
-- بنية الجدول `booking_statuses`
--

CREATE TABLE `booking_statuses` (
  `status_id` int(11) NOT NULL,
  `name` varchar(50) NOT NULL
) ENGINE=InnoDB DEFAULT CHARSET=utf8mb4 COLLATE=utf8mb4_unicode_ci;

--
-- إرجاع أو استيراد بيانات الجدول `booking_statuses`
--

INSERT INTO `booking_statuses` (`status_id`, `name`) VALUES
(4, 'CancelledByPartner'),
(3, 'CancelledByUser'),
(2, 'Confirmed'),
(1, 'PendingPayment');

-- --------------------------------------------------------

--
-- بنية الجدول `buses`
--

CREATE TABLE `buses` (
  `bus_id` int(10) UNSIGNED NOT NULL,
  `partner_id` int(10) UNSIGNED NOT NULL,
  `license_plate` varchar(25) NOT NULL,
  `layout_id` int(11) DEFAULT NULL,
  `model` varchar(100) DEFAULT NULL,
  `capacity` smallint(5) UNSIGNED NOT NULL,
  `created_at` timestamp NOT NULL DEFAULT current_timestamp(),
  `updated_at` timestamp NOT NULL DEFAULT current_timestamp() ON UPDATE current_timestamp(),
  `status_id` int(11) NOT NULL,
  `has_ac` tinyint(1) NOT NULL DEFAULT 0,
  `has_wifi` tinyint(1) NOT NULL DEFAULT 0
) ENGINE=InnoDB DEFAULT CHARSET=utf8mb4 COLLATE=utf8mb4_unicode_ci COMMENT='Stores information about each partner bus. The bus configuration is now determined by its layout_id.';

--
-- إرجاع أو استيراد بيانات الجدول `buses`
--

INSERT INTO `buses` (`bus_id`, `partner_id`, `license_plate`, `layout_id`, `model`, `capacity`, `created_at`, `updated_at`, `status_id`, `has_ac`, `has_wifi`) VALUES
(1, 9, 'SAR 123 VIP', 1, 'Mercedes Travego 2023', 49, '2025-11-14 00:20:16', '2025-11-17 01:31:26', 1, 1, 1),
(2, 9, 'SAR 22 Standart', NULL, 'Mercedes Travego 2021', 50, '2025-11-14 00:22:37', '2025-11-14 00:22:37', 1, 0, 1),
(6, 9, 'NYC 789 VIP', NULL, 'Mercedes Tourismo 2024', 48, '2025-11-14 06:57:14', '2025-11-14 06:57:14', 1, 1, 1),
(12, 11, 'f', NULL, 'f', 10, '2025-11-14 08:31:59', '2025-11-14 08:31:59', 1, 0, 0),
(13, 9, 'Vip - 40 Persons', NULL, 'viovo', 40, '2025-11-16 20:49:53', '2025-11-16 20:49:53', 1, 1, 1),
(14, 13, 'pop2', 2, 'pop2', 4, '2025-11-17 02:49:41', '2025-11-17 02:49:41', 1, 0, 0),
(16, 13, '123', 2, 'pop2', 4, '2025-11-17 02:52:50', '2025-11-17 02:52:50', 1, 0, 0),
(17, 9, 'سومر', 4, 'يي', 4, '2025-11-18 17:16:28', '2025-11-18 17:16:28', 1, 0, 0),
(18, 9, 'bus11a', 4, 'sos', 4, '2025-11-20 15:02:52', '2025-11-20 16:33:21', 2, 0, 0),
(19, 14, '112233', 7, 'باص هاتسو', 4, '2025-11-21 15:40:26', '2025-11-21 15:40:26', 1, 0, 0),
(20, 9, '78578', 4, 'hh', 4, '2025-11-21 19:30:13', '2025-11-21 19:30:13', 1, 1, 0),
(21, 9, '78q578', 4, 'hh', 4, '2025-11-21 20:20:41', '2025-11-21 20:20:41', 1, 1, 0),
(22, 9, '781q578', 4, 'ss', 4, '2025-11-21 20:23:04', '2025-11-21 20:23:04', 1, 1, 0),
(23, 9, '45654y', 4, 'string', 4, '2025-11-24 23:43:52', '2025-11-24 23:43:52', 3, 0, 0),
(24, 27, 'b78jh', NULL, 'jhjjghj', 4, '2025-12-11 00:02:58', '2025-12-11 00:02:58', 1, 0, 0),
(25, 9, '67686uu67', 4, 'vivo', 4, '2025-12-15 16:45:40', '2025-12-15 16:45:40', 1, 0, 0),
(26, 9, '4544', 4, 'تتتت', 4, '2025-12-31 22:34:30', '2025-12-31 22:34:30', 1, 0, 1),
(27, 9, 'hgh', 4, 'gfh', 4, '2026-01-04 19:46:02', '2026-01-04 19:46:02', 1, 0, 0),
(28, 9, '134243234', 4, 'hg4', 4, '2026-01-04 21:34:38', '2026-01-04 21:34:38', 1, 0, 1),
(29, 9, 'waleed 7', 13, '', 6, '2026-01-05 07:32:24', '2026-01-05 07:32:24', 1, 1, 1),
(30, 9, '8888', 11, 'llll', 9, '2026-01-05 18:51:18', '2026-01-05 18:51:18', 1, 1, 1),
(31, 9, 'أ.ب.ج 665544', 4, 'مرسيدس 2005', 4, '2026-01-05 20:54:07', '2026-01-05 20:54:07', 1, 0, 1),
(32, 9, 'h', 4, 'hhh', 4, '2026-01-06 19:36:16', '2026-01-06 19:36:16', 1, 0, 0);

-- --------------------------------------------------------

--
-- بنية الجدول `bus_classes`
--

CREATE TABLE `bus_classes` (
  `class_id` int(11) NOT NULL,
  `name` varchar(50) NOT NULL
) ENGINE=InnoDB DEFAULT CHARSET=utf8mb4 COLLATE=utf8mb4_unicode_ci;

--
-- إرجاع أو استيراد بيانات الجدول `bus_classes`
--

INSERT INTO `bus_classes` (`class_id`, `name`) VALUES
(3, 'Economy'),
(2, 'Standard'),
(1, 'VIP');

-- --------------------------------------------------------

--
-- بنية الجدول `bus_layouts`
--

CREATE TABLE `bus_layouts` (
  `layout_id` int(11) NOT NULL,
  `partner_id` int(10) UNSIGNED NOT NULL,
  `name` varchar(100) NOT NULL COMMENT 'اسم وصفي للتخطيط',
  `description` varchar(255) DEFAULT NULL COMMENT 'وصف اختياري للتخطيط',
  `created_at` timestamp NOT NULL DEFAULT current_timestamp(),
  `updated_at` timestamp NOT NULL DEFAULT current_timestamp() ON UPDATE current_timestamp()
) ENGINE=InnoDB DEFAULT CHARSET=utf8mb4 COLLATE=utf8mb4_unicode_ci COMMENT='يخزن قوالب تخطيطات الحافلات. كل تخطيط يمثل تصميمًا معينًا للحافلة يمكن إعادة استخدامه.';

--
-- إرجاع أو استيراد بيانات الجدول `bus_layouts`
--

INSERT INTO `bus_layouts` (`layout_id`, `partner_id`, `name`, `description`, `created_at`, `updated_at`) VALUES
(1, 9, 'حافلة 49 مقعد (VIP/Standard)', 'تخطيط قياسي لحافلة كبيرة مع فئتين للمقاعد', '2025-11-17 01:31:26', '2025-11-17 01:31:26'),
(2, 13, 'pop2', 'pop2', '2025-11-17 02:46:33', '2025-11-17 02:46:33'),
(3, 13, 'pop2', 'pop2', '2025-11-17 02:48:12', '2025-11-17 02:48:12'),
(4, 9, 'حافلة 4 مقاعد', 'string', '2025-11-18 17:15:36', '2025-11-18 17:15:36'),
(5, 9, 'تخطيط باص وسط من طابقين واربعة مقاعد', 'اربعة مقاعد في كل طابق', '2025-11-19 15:28:57', '2025-11-19 15:28:57'),
(6, 14, 'مخطط حافلة الرحمة', 'باص علي ناجي الاول طابقين مقعدين تحت مقعدين فوق', '2025-11-21 15:36:36', '2025-11-21 15:36:36'),
(7, 14, 'مخطط حافلة الرحمة', 'باص علي ناجي الاول طابقين مقعدين تحت مقعدين فوق', '2025-11-21 15:39:34', '2025-11-21 15:39:34'),
(8, 9, 'حافلة 16 مقعد', '', '2025-12-31 23:29:05', '2025-12-31 23:29:05'),
(9, 9, 'مخطط حافلة اربعة مقاعد 2مقاعد VIP', '', '2025-12-31 23:35:53', '2025-12-31 23:35:53'),
(10, 9, 'تخطيط 8 مقاعد من طابقين', 'تخطيط 8 مقاعد من طابقين', '2025-12-31 23:50:43', '2025-12-31 23:50:43'),
(11, 9, 'تخطيط 20 مقعد (1-vip / 7-standert/ 1-encom)', '', '2026-01-01 00:25:00', '2026-01-01 00:25:00'),
(12, 9, 'اربعة مقاعد صف واحد الممر بعد المقعد الثاني', '', '2026-01-01 00:55:55', '2026-01-01 00:55:55'),
(13, 9, 'حافلة 6 مقاعد 2-vip,2-standert 2-encomy ', 'مقعدين في كل صف وممر في العمود الاول', '2026-01-01 01:06:32', '2026-01-01 01:06:32'),
(14, 9, 'حافلة 8 مقاعد طابقين كل طابق 4 مقاعد', '4-standert/ 2-vip/ 2-encomy', '2026-01-01 03:27:41', '2026-01-01 03:27:41'),
(15, 9, '8-مقاعد', '', '2026-01-01 03:32:30', '2026-01-01 03:32:30'),
(16, 9, 'بالالبلا', '', '2026-01-01 03:35:11', '2026-01-01 03:35:11'),
(17, 9, 'f', 'f', '2026-01-02 15:45:51', '2026-01-02 15:45:51'),
(18, 9, 'حافلة طابقين 24 ممر 4-vip , 4-encommy, 16-standert', 'مقاعد الطابق الاول من 1-12 (5-8 vip)-(9-12 encom) الباقي standert <الممرات في عمود 3 و 6>', '2026-01-02 16:07:26', '2026-01-02 16:07:26'),
(19, 9, 'gh', 'hg', '2026-01-02 16:13:15', '2026-01-02 16:13:15'),
(20, 9, 'gf', 'gf', '2026-01-02 17:11:57', '2026-01-02 17:11:57'),
(21, 9, 'gftyr', '', '2026-01-02 18:23:22', '2026-01-02 18:23:22'),
(22, 9, 'cxv', '', '2026-01-02 18:26:58', '2026-01-02 18:26:58'),
(23, 9, '67ع', '', '2026-01-02 18:41:50', '2026-01-02 18:41:50'),
(24, 9, 'سياره هيلكس غمارة واحدة', 'مخطط من مقعدين VIP ', '2026-01-03 14:54:44', '2026-01-03 14:54:44'),
(25, 9, 'تلاتن', 'لالالالالا', '2026-01-03 15:56:29', '2026-01-03 15:56:29'),
(26, 9, 'jgjk', 'iop', '2026-01-03 17:15:45', '2026-01-03 17:15:45'),
(27, 9, 'ddddd', '', '2026-01-03 17:18:04', '2026-01-03 17:18:04'),
(28, 9, 'hfgh', '', '2026-01-03 17:33:07', '2026-01-03 17:33:07'),
(29, 9, 'لت', '', '2026-01-03 17:41:16', '2026-01-03 17:41:16'),
(30, 9, 'عفغعف', 'ل', '2026-01-03 17:44:02', '2026-01-03 17:44:02'),
(31, 9, '98ع', '', '2026-01-03 17:48:47', '2026-01-03 17:48:47'),
(32, 9, 'ؤؤ', '', '2026-01-03 17:51:44', '2026-01-03 17:51:44'),
(33, 9, 'لللييير', '', '2026-01-03 18:04:37', '2026-01-03 18:04:37'),
(34, 9, 'ثثث', '', '2026-01-03 18:06:10', '2026-01-03 18:06:10'),
(35, 9, 'ghg', '', '2026-01-03 18:22:38', '2026-01-03 18:22:38'),
(36, 9, 'gh', '0000', '2026-01-03 18:47:27', '2026-01-03 18:47:27'),
(37, 9, 'opjjiuyughgjh', '', '2026-01-03 18:48:49', '2026-01-03 18:48:49'),
(38, 9, 'nm,nm,nj', '', '2026-01-03 18:50:58', '2026-01-03 18:50:58'),
(39, 9, 'oiouiuiy', '', '2026-01-03 18:55:08', '2026-01-03 18:55:08'),
(40, 9, 'oppooooooooooo', '', '2026-01-03 18:56:25', '2026-01-03 18:56:25'),
(41, 9, 'مخطط حافلة 60 مقعد', 'مخطط حافلة كبيرة فاخرة ودرجات متفاوته', '2026-01-04 11:00:06', '2026-01-04 11:00:06'),
(42, 9, 'vf', '', '2026-01-04 12:38:10', '2026-01-04 12:38:10'),
(43, 9, 'cvbcv', 'cvbc', '2026-01-04 13:54:31', '2026-01-04 13:54:31'),
(44, 9, 'm', 'm', '2026-01-04 13:55:30', '2026-01-04 13:55:30'),
(45, 9, 'b', '', '2026-01-04 16:37:03', '2026-01-04 16:37:03'),
(46, 9, 'g', '', '2026-01-04 16:39:35', '2026-01-04 16:39:35'),
(47, 9, 'h', '', '2026-01-04 16:40:49', '2026-01-04 16:40:49'),
(48, 9, 'b', 'b', '2026-01-04 16:44:36', '2026-01-04 16:44:36'),
(49, 9, 'g', 'g', '2026-01-04 16:48:30', '2026-01-04 16:48:30'),
(50, 9, 'g', 'g', '2026-01-04 16:48:47', '2026-01-04 16:48:47'),
(51, 9, 'g', 'g', '2026-01-04 16:48:54', '2026-01-04 16:48:54'),
(52, 9, 'g', 'g', '2026-01-04 16:49:43', '2026-01-04 16:49:43'),
(53, 9, 'h', '', '2026-01-04 16:50:12', '2026-01-04 16:50:12'),
(54, 9, 'h', 'h', '2026-01-04 16:54:29', '2026-01-04 16:54:29'),
(55, 9, 'h', 'h', '2026-01-04 16:55:49', '2026-01-04 16:55:49'),
(56, 9, 'h', '', '2026-01-04 16:57:46', '2026-01-04 16:57:46'),
(57, 9, 'yu', '', '2026-01-04 17:43:59', '2026-01-04 17:43:59'),
(58, 9, 'uuuu', '', '2026-01-05 21:17:35', '2026-01-05 21:17:35'),
(59, 9, 'j', '', '2026-01-06 20:29:20', '2026-01-06 20:29:20'),
(60, 9, 'j', '', '2026-01-06 20:29:26', '2026-01-06 20:29:26');

-- --------------------------------------------------------

--
-- بنية الجدول `bus_layout_seats`
--

CREATE TABLE `bus_layout_seats` (
  `layout_seat_id` int(11) NOT NULL,
  `layout_id` int(11) NOT NULL COMMENT 'FK: يربط هذا المقعد بالتخطيط الرئيسي',
  `class_id` int(11) NOT NULL COMMENT 'FK: يربط هذا المقعد بفئة معينة (VIP, Standard, etc.)',
  `seat_number` varchar(10) NOT NULL COMMENT 'الرقم أو الاسم الذي يراه المستخدم للمقعد (e.g., A1, 14, C3)',
  `row_num` int(11) DEFAULT NULL COMMENT 'رقم الصف الذي يوجد به المقعد (للاستخدام في الواجهة الرسومية)',
  `col_num` int(11) DEFAULT NULL COMMENT 'رقم العمود الذي يوجد به المقعد (للاستخدام في الواجهة الرسومية)',
  `deck` int(11) NOT NULL DEFAULT 1 COMMENT 'رقم الطابق الذي يوجد به المقعد (1 للطابق السفلي, 2 للعلوي, etc.)',
  `is_window` tinyint(1) DEFAULT 0 COMMENT 'هل المقعد بجانب النافذة؟',
  `is_aisle` tinyint(1) DEFAULT 0 COMMENT 'هل المقعد بجانب الممر؟',
  `created_at` timestamp NOT NULL DEFAULT current_timestamp(),
  `updated_at` timestamp NOT NULL DEFAULT current_timestamp() ON UPDATE current_timestamp()
) ENGINE=InnoDB DEFAULT CHARSET=utf8mb4 COLLATE=utf8mb4_unicode_ci COMMENT='يخزن تفاصيل كل مقعد في قالب تخطيط معين. هذا هو مصدر الحقيقة لتصميم الحافلة.';

--
-- إرجاع أو استيراد بيانات الجدول `bus_layout_seats`
--

INSERT INTO `bus_layout_seats` (`layout_seat_id`, `layout_id`, `class_id`, `seat_number`, `row_num`, `col_num`, `deck`, `is_window`, `is_aisle`, `created_at`, `updated_at`) VALUES
(1, 1, 1, 'A1', 1, 1, 1, 0, 0, '2025-11-17 01:31:26', '2025-11-17 01:31:26'),
(2, 1, 1, 'A2', 1, 2, 1, 0, 0, '2025-11-17 01:31:26', '2025-11-17 01:31:26'),
(3, 1, 1, 'A3', 1, 3, 1, 0, 0, '2025-11-17 01:31:26', '2025-11-17 01:31:26'),
(4, 1, 1, 'A4', 1, 4, 1, 0, 0, '2025-11-17 01:31:26', '2025-11-17 01:31:26'),
(5, 1, 1, 'B1', 2, 1, 1, 0, 0, '2025-11-17 01:31:26', '2025-11-17 01:31:26'),
(6, 1, 1, 'B2', 2, 2, 1, 0, 0, '2025-11-17 01:31:26', '2025-11-17 01:31:26'),
(7, 1, 1, 'B3', 2, 3, 1, 0, 0, '2025-11-17 01:31:26', '2025-11-17 01:31:26'),
(8, 1, 1, 'B4', 2, 4, 1, 0, 0, '2025-11-17 01:31:26', '2025-11-17 01:31:26'),
(9, 1, 1, 'C1', 3, 1, 1, 0, 0, '2025-11-17 01:31:26', '2025-11-17 01:31:26'),
(10, 1, 1, 'C2', 3, 2, 1, 0, 0, '2025-11-17 01:31:26', '2025-11-17 01:31:26'),
(11, 1, 1, 'C3', 3, 3, 1, 0, 0, '2025-11-17 01:31:26', '2025-11-17 01:31:26'),
(12, 1, 1, 'C4', 3, 4, 1, 0, 0, '2025-11-17 01:31:26', '2025-11-17 01:31:26'),
(13, 1, 2, 'D1', 4, 1, 1, 0, 0, '2025-11-17 01:31:26', '2025-11-17 01:31:26'),
(14, 1, 2, 'D2', 4, 2, 1, 0, 0, '2025-11-17 01:31:26', '2025-11-17 01:31:26'),
(15, 1, 2, 'D3', 4, 3, 1, 0, 0, '2025-11-17 01:31:26', '2025-11-17 01:31:26'),
(16, 1, 2, 'D4', 4, 4, 1, 0, 0, '2025-11-17 01:31:26', '2025-11-17 01:31:26'),
(17, 1, 2, 'E1', 5, 1, 1, 0, 0, '2025-11-17 01:31:26', '2025-11-17 01:31:26'),
(18, 1, 2, 'E2', 5, 2, 1, 0, 0, '2025-11-17 01:31:26', '2025-11-17 01:31:26'),
(19, 1, 2, 'E3', 5, 3, 1, 0, 0, '2025-11-17 01:31:26', '2025-11-17 01:31:26'),
(20, 1, 2, 'E4', 5, 4, 1, 0, 0, '2025-11-17 01:31:26', '2025-11-17 01:31:26'),
(21, 1, 2, 'F1', 6, 1, 1, 0, 0, '2025-11-17 01:31:26', '2025-11-17 01:31:26'),
(22, 1, 2, 'F2', 6, 2, 1, 0, 0, '2025-11-17 01:31:26', '2025-11-17 01:31:26'),
(23, 1, 2, 'F3', 6, 3, 1, 0, 0, '2025-11-17 01:31:26', '2025-11-17 01:31:26'),
(24, 1, 2, 'F4', 6, 4, 1, 0, 0, '2025-11-17 01:31:26', '2025-11-17 01:31:26'),
(25, 1, 2, 'G1', 7, 1, 1, 0, 0, '2025-11-17 01:31:26', '2025-11-17 01:31:26'),
(26, 1, 2, 'G2', 7, 2, 1, 0, 0, '2025-11-17 01:31:26', '2025-11-17 01:31:26'),
(27, 1, 2, 'G3', 7, 3, 1, 0, 0, '2025-11-17 01:31:26', '2025-11-17 01:31:26'),
(28, 1, 2, 'G4', 7, 4, 1, 0, 0, '2025-11-17 01:31:26', '2025-11-17 01:31:26'),
(29, 1, 2, 'H1', 8, 1, 1, 0, 0, '2025-11-17 01:31:26', '2025-11-17 01:31:26'),
(30, 1, 2, 'H2', 8, 2, 1, 0, 0, '2025-11-17 01:31:26', '2025-11-17 01:31:26'),
(31, 1, 2, 'H3', 8, 3, 1, 0, 0, '2025-11-17 01:31:26', '2025-11-17 01:31:26'),
(32, 1, 2, 'H4', 8, 4, 1, 0, 0, '2025-11-17 01:31:26', '2025-11-17 01:31:26'),
(33, 1, 2, 'I1', 9, 1, 1, 0, 0, '2025-11-17 01:31:26', '2025-11-17 01:31:26'),
(34, 1, 2, 'I2', 9, 2, 1, 0, 0, '2025-11-17 01:31:26', '2025-11-17 01:31:26'),
(35, 1, 2, 'I3', 9, 3, 1, 0, 0, '2025-11-17 01:31:26', '2025-11-17 01:31:26'),
(36, 1, 2, 'I4', 9, 4, 1, 0, 0, '2025-11-17 01:31:26', '2025-11-17 01:31:26'),
(37, 1, 2, 'J1', 10, 1, 1, 0, 0, '2025-11-17 01:31:26', '2025-11-17 01:31:26'),
(38, 1, 2, 'J2', 10, 2, 1, 0, 0, '2025-11-17 01:31:26', '2025-11-17 01:31:26'),
(39, 1, 2, 'J3', 10, 3, 1, 0, 0, '2025-11-17 01:31:26', '2025-11-17 01:31:26'),
(40, 1, 2, 'J4', 10, 4, 1, 0, 0, '2025-11-17 01:31:26', '2025-11-17 01:31:26'),
(41, 1, 2, 'K1', 11, 1, 1, 0, 0, '2025-11-17 01:31:26', '2025-11-17 01:31:26'),
(42, 1, 2, 'K2', 11, 2, 1, 0, 0, '2025-11-17 01:31:26', '2025-11-17 01:31:26'),
(43, 1, 2, 'K3', 11, 3, 1, 0, 0, '2025-11-17 01:31:26', '2025-11-17 01:31:26'),
(44, 1, 2, 'K4', 11, 4, 1, 0, 0, '2025-11-17 01:31:26', '2025-11-17 01:31:26'),
(45, 1, 2, 'L1', 12, 1, 1, 0, 0, '2025-11-17 01:31:26', '2025-11-17 01:31:26'),
(46, 1, 2, 'L2', 12, 2, 1, 0, 0, '2025-11-17 01:31:26', '2025-11-17 01:31:26'),
(47, 1, 2, 'L3', 12, 3, 1, 0, 0, '2025-11-17 01:31:26', '2025-11-17 01:31:26'),
(48, 1, 2, 'L4', 12, 4, 1, 0, 0, '2025-11-17 01:31:26', '2025-11-17 01:31:26'),
(49, 1, 2, 'L5', 12, 5, 1, 0, 0, '2025-11-17 01:31:26', '2025-11-17 01:31:26'),
(50, 2, 1, 'a1', 1, 1, 1, 0, 0, '2025-11-17 02:46:33', '2025-11-17 02:46:33'),
(51, 2, 1, 'a2', 2, 1, 1, 0, 0, '2025-11-17 02:46:33', '2025-11-17 02:46:33'),
(52, 2, 1, 'a3', 1, 2, 1, 0, 0, '2025-11-17 02:46:33', '2025-11-17 02:46:33'),
(53, 2, 1, 'a4', 2, 1, 1, 0, 0, '2025-11-17 02:46:33', '2025-11-17 02:46:33'),
(54, 3, 1, 'a1', 1, 1, 1, 0, 0, '2025-11-17 02:48:12', '2025-11-17 02:48:12'),
(55, 3, 1, 'a2', 2, 1, 1, 0, 0, '2025-11-17 02:48:12', '2025-11-17 02:48:12'),
(56, 3, 1, 'a3', 1, 2, 1, 0, 0, '2025-11-17 02:48:12', '2025-11-17 02:48:12'),
(57, 3, 1, 'a4', 2, 1, 1, 0, 0, '2025-11-17 02:48:12', '2025-11-17 02:48:12'),
(58, 4, 2, 'ِA1', 1, 1, 1, 0, 0, '2025-11-18 17:15:36', '2025-12-05 21:24:04'),
(59, 4, 1, 'ِA2', 1, 2, 1, 0, 0, '2025-11-18 17:15:36', '2025-11-18 17:15:36'),
(60, 4, 1, 'ِA3', 1, 3, 2, 0, 0, '2025-11-18 17:15:36', '2025-11-21 20:22:14'),
(61, 4, 1, 'ِA4', 1, 4, 2, 0, 0, '2025-11-18 17:15:36', '2025-11-21 20:22:21'),
(62, 5, 1, 'A101', 1, 1, 1, 0, 0, '2025-11-19 15:28:57', '2025-11-19 15:28:57'),
(63, 5, 1, 'A102', 1, 2, 1, 0, 0, '2025-11-19 15:28:57', '2025-11-19 15:28:57'),
(64, 5, 1, 'A103', 2, 1, 1, 1, 1, '2025-11-19 15:28:57', '2025-11-19 15:28:57'),
(65, 5, 1, 'A104', 2, 2, 1, 0, 0, '2025-11-19 15:28:57', '2025-11-19 15:28:57'),
(66, 5, 1, 'B201', 1, 1, 2, 0, 0, '2025-11-19 15:28:57', '2025-11-19 15:28:57'),
(67, 5, 1, 'B202', 1, 2, 2, 1, 0, '2025-11-19 15:28:57', '2025-11-19 15:28:57'),
(68, 5, 1, 'B203', 2, 1, 2, 0, 1, '2025-11-19 15:28:57', '2025-11-19 15:28:57'),
(69, 5, 1, 'B204', 2, 2, 1, 0, 1, '2025-11-19 15:28:57', '2025-11-19 15:28:57'),
(70, 6, 2, 'A1', 1, 1, 1, 0, 0, '2025-11-21 15:36:36', '2025-11-21 15:36:36'),
(71, 7, 2, 'A1', 1, 1, 1, 0, 0, '2025-11-21 15:39:34', '2025-11-21 15:39:34'),
(72, 7, 2, 'A2', 2, 1, 1, 1, 0, '2025-11-21 15:39:34', '2025-11-21 15:39:34'),
(73, 7, 1, 'B1', 1, 1, 2, 0, 0, '2025-11-21 15:39:34', '2025-11-21 15:39:34'),
(74, 7, 2, 'B2', 2, 1, 2, 1, 0, '2025-11-21 15:39:34', '2025-11-21 15:39:34'),
(75, 8, 1, '1', 1, 1, 1, 1, 0, '2025-12-31 23:29:05', '2025-12-31 23:29:05'),
(76, 8, 1, '2', 1, 2, 1, 0, 0, '2025-12-31 23:29:05', '2025-12-31 23:29:05'),
(77, 8, 1, '3', 1, 4, 1, 0, 0, '2025-12-31 23:29:05', '2025-12-31 23:29:05'),
(78, 8, 1, '4', 1, 5, 1, 1, 0, '2025-12-31 23:29:05', '2025-12-31 23:29:05'),
(79, 8, 1, '5', 2, 1, 1, 1, 0, '2025-12-31 23:29:05', '2025-12-31 23:29:05'),
(80, 8, 1, '6', 2, 2, 1, 0, 0, '2025-12-31 23:29:05', '2025-12-31 23:29:05'),
(81, 8, 1, '7', 2, 4, 1, 0, 0, '2025-12-31 23:29:05', '2025-12-31 23:29:05'),
(82, 8, 1, '8', 2, 5, 1, 1, 0, '2025-12-31 23:29:05', '2025-12-31 23:29:05'),
(83, 8, 1, '9', 3, 1, 1, 1, 0, '2025-12-31 23:29:05', '2025-12-31 23:29:05'),
(84, 8, 1, '10', 3, 2, 1, 0, 0, '2025-12-31 23:29:05', '2025-12-31 23:29:05'),
(85, 8, 1, '11', 3, 4, 1, 0, 0, '2025-12-31 23:29:05', '2025-12-31 23:29:05'),
(86, 8, 1, '12', 3, 5, 1, 1, 0, '2025-12-31 23:29:05', '2025-12-31 23:29:05'),
(87, 8, 1, '13', 4, 1, 1, 1, 0, '2025-12-31 23:29:05', '2025-12-31 23:29:05'),
(88, 8, 1, '14', 4, 2, 1, 0, 0, '2025-12-31 23:29:05', '2025-12-31 23:29:05'),
(89, 8, 1, '15', 4, 4, 1, 0, 0, '2025-12-31 23:29:05', '2025-12-31 23:29:05'),
(90, 8, 1, '16', 4, 5, 1, 1, 0, '2025-12-31 23:29:05', '2025-12-31 23:29:05'),
(91, 9, 2, '1', 1, 1, 1, 1, 0, '2025-12-31 23:35:53', '2025-12-31 23:35:53'),
(92, 9, 1, '2', 1, 2, 1, 0, 0, '2025-12-31 23:35:53', '2025-12-31 23:35:53'),
(93, 9, 1, '3', 1, 4, 1, 0, 0, '2025-12-31 23:35:53', '2025-12-31 23:35:53'),
(94, 9, 2, '4', 1, 5, 1, 1, 0, '2025-12-31 23:35:53', '2025-12-31 23:35:53'),
(95, 10, 1, '1', 1, 1, 1, 1, 0, '2025-12-31 23:50:43', '2025-12-31 23:50:43'),
(96, 10, 1, '2', 1, 2, 1, 0, 0, '2025-12-31 23:50:43', '2025-12-31 23:50:43'),
(97, 10, 1, '3', 1, 4, 1, 0, 0, '2025-12-31 23:50:43', '2025-12-31 23:50:43'),
(98, 10, 1, '4', 1, 5, 1, 1, 0, '2025-12-31 23:50:43', '2025-12-31 23:50:43'),
(99, 10, 1, '5', 1, 1, 2, 1, 0, '2025-12-31 23:50:43', '2025-12-31 23:50:43'),
(100, 10, 1, '6', 1, 2, 2, 0, 0, '2025-12-31 23:50:43', '2025-12-31 23:50:43'),
(101, 10, 1, '7', 1, 4, 2, 0, 0, '2025-12-31 23:50:43', '2025-12-31 23:50:43'),
(102, 10, 1, '8', 1, 5, 2, 1, 0, '2025-12-31 23:50:43', '2025-12-31 23:50:43'),
(103, 11, 1, '1', 1, 1, 1, 1, 0, '2026-01-01 00:25:00', '2026-01-01 00:25:00'),
(104, 11, 2, '2', 1, 2, 1, 0, 0, '2026-01-01 00:25:00', '2026-01-01 00:25:00'),
(105, 11, 2, '3', 1, 3, 1, 0, 0, '2026-01-01 00:25:00', '2026-01-01 00:25:00'),
(106, 11, 3, '4', 1, 4, 1, 0, 0, '2026-01-01 00:25:00', '2026-01-01 00:25:00'),
(107, 11, 2, '5', 1, 5, 1, 1, 0, '2026-01-01 00:25:00', '2026-01-01 00:25:00'),
(108, 11, 2, '6', 2, 1, 1, 1, 0, '2026-01-01 00:25:00', '2026-01-01 00:25:00'),
(109, 11, 2, '7', 2, 3, 1, 0, 0, '2026-01-01 00:25:00', '2026-01-01 00:25:00'),
(110, 11, 2, '8', 2, 4, 1, 0, 0, '2026-01-01 00:25:00', '2026-01-01 00:25:00'),
(111, 11, 2, '9', 2, 5, 1, 1, 0, '2026-01-01 00:25:00', '2026-01-01 00:25:00'),
(112, 12, 2, '1', 1, 1, 1, 1, 1, '2026-01-01 00:55:55', '2026-01-01 00:55:55'),
(113, 12, 2, '2', 1, 3, 1, 0, 1, '2026-01-01 00:55:55', '2026-01-01 00:55:55'),
(114, 12, 2, '3', 1, 4, 1, 1, 0, '2026-01-01 00:55:55', '2026-01-01 00:55:55'),
(115, 13, 1, '1', 1, 2, 1, 0, 1, '2026-01-01 01:06:32', '2026-01-01 01:06:32'),
(116, 13, 1, '2', 1, 3, 1, 1, 0, '2026-01-01 01:06:32', '2026-01-01 01:06:32'),
(117, 13, 2, '3', 2, 2, 1, 0, 1, '2026-01-01 01:06:32', '2026-01-01 01:06:32'),
(118, 13, 2, '4', 2, 3, 1, 1, 0, '2026-01-01 01:06:32', '2026-01-01 01:06:32'),
(119, 13, 3, '5', 3, 2, 1, 0, 1, '2026-01-01 01:06:32', '2026-01-01 01:06:32'),
(120, 13, 3, '6', 3, 3, 1, 1, 0, '2026-01-01 01:06:32', '2026-01-01 01:06:32'),
(121, 14, 1, '1', 1, 1, 1, 1, 0, '2026-01-01 03:27:41', '2026-01-01 03:27:41'),
(122, 14, 2, '2', 1, 2, 1, 0, 1, '2026-01-01 03:27:41', '2026-01-01 03:27:41'),
(123, 14, 2, '3', 1, 4, 1, 0, 1, '2026-01-01 03:27:41', '2026-01-01 03:27:41'),
(124, 14, 3, '4', 1, 5, 1, 1, 0, '2026-01-01 03:27:41', '2026-01-01 03:27:41'),
(125, 14, 2, '5', 2, 1, 1, 1, 0, '2026-01-01 03:27:41', '2026-01-01 03:27:41'),
(126, 14, 2, '6', 2, 2, 1, 0, 1, '2026-01-01 03:27:41', '2026-01-01 03:27:41'),
(127, 14, 2, '7', 2, 4, 1, 0, 1, '2026-01-01 03:27:41', '2026-01-01 03:27:41'),
(128, 14, 2, '8', 2, 5, 1, 1, 0, '2026-01-01 03:27:41', '2026-01-01 03:27:41'),
(129, 14, 1, '9', 1, 1, 2, 1, 0, '2026-01-01 03:27:41', '2026-01-01 03:27:41'),
(130, 14, 2, '10', 1, 2, 2, 0, 1, '2026-01-01 03:27:41', '2026-01-01 03:27:41'),
(131, 14, 2, '11', 1, 4, 2, 0, 1, '2026-01-01 03:27:41', '2026-01-01 03:27:41'),
(132, 14, 3, '12', 1, 5, 2, 1, 0, '2026-01-01 03:27:41', '2026-01-01 03:27:41'),
(133, 15, 2, '1', 1, 1, 1, 1, 0, '2026-01-01 03:32:30', '2026-01-01 03:32:30'),
(134, 15, 2, '2', 1, 2, 1, 0, 1, '2026-01-01 03:32:30', '2026-01-01 03:32:30'),
(135, 15, 2, '3', 1, 4, 1, 0, 1, '2026-01-01 03:32:30', '2026-01-01 03:32:30'),
(136, 15, 2, '4', 1, 5, 1, 1, 0, '2026-01-01 03:32:30', '2026-01-01 03:32:30'),
(137, 15, 1, '5', 1, 1, 2, 1, 0, '2026-01-01 03:32:30', '2026-01-01 03:32:30'),
(138, 15, 2, '6', 1, 2, 2, 0, 1, '2026-01-01 03:32:30', '2026-01-01 03:32:30'),
(139, 15, 3, '7', 1, 4, 2, 0, 1, '2026-01-01 03:32:30', '2026-01-01 03:32:30'),
(140, 15, 2, '8', 1, 5, 2, 1, 0, '2026-01-01 03:32:30', '2026-01-01 03:32:30'),
(141, 16, 1, '1', 1, 1, 1, 1, 0, '2026-01-01 03:35:11', '2026-01-01 03:35:11'),
(142, 16, 3, '2', 1, 2, 1, 0, 1, '2026-01-01 03:35:11', '2026-01-01 03:35:11'),
(143, 16, 2, '3', 1, 4, 1, 0, 1, '2026-01-01 03:35:11', '2026-01-01 03:35:11'),
(144, 16, 2, '4', 1, 5, 1, 1, 0, '2026-01-01 03:35:11', '2026-01-01 03:35:11'),
(145, 16, 2, '5', 1, 1, 2, 1, 0, '2026-01-01 03:35:11', '2026-01-01 03:35:11'),
(146, 16, 2, '6', 1, 2, 2, 0, 1, '2026-01-01 03:35:11', '2026-01-01 03:35:11'),
(147, 16, 2, '7', 1, 4, 2, 0, 1, '2026-01-01 03:35:11', '2026-01-01 03:35:11'),
(148, 16, 2, '8', 1, 5, 2, 1, 0, '2026-01-01 03:35:11', '2026-01-01 03:35:11'),
(149, 17, 2, '1', 3, 1, 1, 1, 0, '2026-01-02 15:45:51', '2026-01-02 15:45:51'),
(150, 17, 2, '2', 3, 2, 1, 0, 1, '2026-01-02 15:45:51', '2026-01-02 15:45:51'),
(151, 17, 2, '3', 3, 4, 1, 0, 1, '2026-01-02 15:45:51', '2026-01-02 15:45:51'),
(152, 17, 2, '4', 3, 5, 1, 0, 0, '2026-01-02 15:45:51', '2026-01-02 15:45:51'),
(153, 18, 2, '1', 1, 1, 1, 1, 0, '2026-01-02 16:07:26', '2026-01-02 16:07:26'),
(154, 18, 2, '2', 1, 2, 1, 0, 1, '2026-01-02 16:07:26', '2026-01-02 16:07:26'),
(155, 18, 2, '3', 1, 4, 1, 0, 1, '2026-01-02 16:07:26', '2026-01-02 16:07:26'),
(156, 18, 2, '4', 1, 5, 1, 0, 1, '2026-01-02 16:07:26', '2026-01-02 16:07:26'),
(157, 18, 1, '5', 2, 1, 1, 1, 0, '2026-01-02 16:07:26', '2026-01-02 16:07:26'),
(158, 18, 1, '6', 2, 2, 1, 0, 1, '2026-01-02 16:07:26', '2026-01-02 16:07:26'),
(159, 18, 1, '7', 2, 4, 1, 0, 1, '2026-01-02 16:07:26', '2026-01-02 16:07:26'),
(160, 18, 1, '8', 2, 5, 1, 0, 1, '2026-01-02 16:07:26', '2026-01-02 16:07:26'),
(161, 18, 3, '9', 3, 1, 1, 1, 0, '2026-01-02 16:07:26', '2026-01-02 16:07:26'),
(162, 18, 3, '10', 3, 2, 1, 0, 1, '2026-01-02 16:07:26', '2026-01-02 16:07:26'),
(163, 18, 3, '11', 3, 4, 1, 0, 1, '2026-01-02 16:07:26', '2026-01-02 16:07:26'),
(164, 18, 3, '12', 3, 5, 1, 0, 1, '2026-01-02 16:07:26', '2026-01-02 16:07:26'),
(165, 18, 2, '13', 1, 1, 2, 1, 0, '2026-01-02 16:07:26', '2026-01-02 16:07:26'),
(166, 18, 2, '14', 1, 2, 2, 0, 1, '2026-01-02 16:07:26', '2026-01-02 16:07:26'),
(167, 18, 2, '15', 1, 4, 2, 0, 1, '2026-01-02 16:07:26', '2026-01-02 16:07:26'),
(168, 18, 2, '16', 1, 5, 2, 0, 1, '2026-01-02 16:07:26', '2026-01-02 16:07:26'),
(169, 18, 2, '17', 2, 1, 2, 1, 0, '2026-01-02 16:07:26', '2026-01-02 16:07:26'),
(170, 18, 2, '18', 2, 2, 2, 0, 1, '2026-01-02 16:07:26', '2026-01-02 16:07:26'),
(171, 18, 2, '19', 2, 4, 2, 0, 1, '2026-01-02 16:07:26', '2026-01-02 16:07:26'),
(172, 18, 2, '20', 2, 5, 2, 0, 1, '2026-01-02 16:07:26', '2026-01-02 16:07:26'),
(173, 18, 2, '21', 3, 1, 2, 1, 0, '2026-01-02 16:07:26', '2026-01-02 16:07:26'),
(174, 18, 2, '22', 3, 2, 2, 0, 1, '2026-01-02 16:07:26', '2026-01-02 16:07:26'),
(175, 18, 2, '23', 3, 4, 2, 0, 1, '2026-01-02 16:07:26', '2026-01-02 16:07:26'),
(176, 18, 2, '24', 3, 5, 2, 0, 1, '2026-01-02 16:07:26', '2026-01-02 16:07:26'),
(177, 19, 2, '1', 1, 1, 1, 1, 0, '2026-01-02 16:13:15', '2026-01-02 16:13:15'),
(178, 19, 2, '2', 1, 2, 1, 0, 1, '2026-01-02 16:13:15', '2026-01-02 16:13:15'),
(179, 19, 2, '3', 2, 1, 1, 1, 0, '2026-01-02 16:13:15', '2026-01-02 16:13:15'),
(180, 19, 2, '4', 2, 2, 1, 0, 1, '2026-01-02 16:13:15', '2026-01-02 16:13:15'),
(181, 19, 2, '5', 3, 1, 1, 1, 0, '2026-01-02 16:13:15', '2026-01-02 16:13:15'),
(182, 19, 2, '6', 3, 2, 1, 0, 1, '2026-01-02 16:13:15', '2026-01-02 16:13:15'),
(183, 20, 2, '1', 1, 1, 1, 1, 1, '2026-01-02 17:11:57', '2026-01-02 17:11:57'),
(184, 20, 2, '2', 1, 5, 1, 1, 1, '2026-01-02 17:11:57', '2026-01-02 17:11:57'),
(185, 20, 2, '3', 2, 1, 1, 1, 1, '2026-01-02 17:11:57', '2026-01-02 17:11:57'),
(186, 20, 2, '4', 2, 5, 1, 1, 1, '2026-01-02 17:11:57', '2026-01-02 17:11:57'),
(187, 20, 2, '5', 3, 1, 1, 1, 1, '2026-01-02 17:11:57', '2026-01-02 17:11:57'),
(188, 20, 2, '6', 3, 5, 1, 1, 1, '2026-01-02 17:11:57', '2026-01-02 17:11:57'),
(189, 20, 1, '7', 4, 1, 1, 1, 1, '2026-01-02 17:11:57', '2026-01-02 17:11:57'),
(190, 20, 3, '8', 4, 5, 1, 1, 1, '2026-01-02 17:11:57', '2026-01-02 17:11:57'),
(191, 20, 2, '9', 1, 1, 2, 1, 1, '2026-01-02 17:11:57', '2026-01-02 17:11:57'),
(192, 20, 2, '10', 1, 5, 2, 1, 1, '2026-01-02 17:11:57', '2026-01-02 17:11:57'),
(193, 20, 2, '11', 2, 1, 2, 1, 1, '2026-01-02 17:11:57', '2026-01-02 17:11:57'),
(194, 20, 2, '12', 2, 5, 2, 1, 1, '2026-01-02 17:11:57', '2026-01-02 17:11:57'),
(195, 20, 2, '13', 3, 1, 2, 1, 1, '2026-01-02 17:11:57', '2026-01-02 17:11:57'),
(196, 20, 2, '14', 3, 5, 2, 1, 1, '2026-01-02 17:11:57', '2026-01-02 17:11:57'),
(197, 20, 1, '15', 4, 1, 2, 1, 1, '2026-01-02 17:11:57', '2026-01-02 17:11:57'),
(198, 20, 3, '16', 4, 5, 2, 1, 1, '2026-01-02 17:11:57', '2026-01-02 17:11:57'),
(199, 21, 1, '1', 1, 1, 1, 1, 0, '2026-01-02 18:23:22', '2026-01-02 18:23:22'),
(200, 21, 2, '2', 1, 2, 1, 0, 1, '2026-01-02 18:23:22', '2026-01-02 18:23:22'),
(201, 21, 3, '3', 1, 4, 1, 0, 1, '2026-01-02 18:23:22', '2026-01-02 18:23:22'),
(202, 21, 2, '4', 1, 5, 1, 1, 0, '2026-01-02 18:23:22', '2026-01-02 18:23:22'),
(203, 21, 2, '5', 1, 1, 2, 1, 0, '2026-01-02 18:23:22', '2026-01-02 18:23:22'),
(204, 21, 2, '6', 1, 2, 2, 0, 1, '2026-01-02 18:23:22', '2026-01-02 18:23:22'),
(205, 21, 2, '7', 1, 4, 2, 0, 1, '2026-01-02 18:23:22', '2026-01-02 18:23:22'),
(206, 21, 2, '8', 1, 5, 2, 1, 0, '2026-01-02 18:23:22', '2026-01-02 18:23:22'),
(207, 22, 2, '2', 2, 1, 1, 1, 0, '2026-01-02 18:26:58', '2026-01-02 18:26:58'),
(208, 22, 2, '1', 1, 5, 1, 1, 1, '2026-01-02 18:26:58', '2026-01-02 18:26:58'),
(209, 22, 3, '3', 2, 2, 1, 0, 1, '2026-01-02 18:26:58', '2026-01-02 18:26:58'),
(210, 23, 2, '1', 1, 1, 1, 1, 0, '2026-01-02 18:41:50', '2026-01-02 18:41:50'),
(211, 23, 2, '2', 1, 2, 1, 0, 1, '2026-01-02 18:41:50', '2026-01-02 18:41:50'),
(212, 23, 2, '4', 1, 5, 1, 1, 0, '2026-01-02 18:41:50', '2026-01-02 18:41:50'),
(213, 23, 3, '6', 1, 2, 2, 0, 1, '2026-01-02 18:41:50', '2026-01-02 18:41:50'),
(214, 23, 2, '5', 1, 1, 2, 1, 0, '2026-01-02 18:41:50', '2026-01-02 18:41:50'),
(215, 23, 1, '7', 1, 4, 2, 0, 1, '2026-01-02 18:41:50', '2026-01-02 18:41:50'),
(216, 23, 2, '8', 1, 5, 2, 1, 0, '2026-01-02 18:41:50', '2026-01-02 18:41:50'),
(217, 23, 2, '3', 1, 4, 1, 0, 1, '2026-01-02 18:41:50', '2026-01-02 18:41:50'),
(218, 24, 1, '1', 1, 1, 1, 1, 0, '2026-01-03 14:54:44', '2026-01-03 14:54:44'),
(219, 24, 1, '2', 1, 2, 1, 1, 0, '2026-01-03 14:54:44', '2026-01-03 14:54:44'),
(220, 25, 1, '1', 1, 1, 1, 1, 0, '2026-01-03 15:56:29', '2026-01-03 15:56:29'),
(221, 25, 2, '2', 1, 2, 1, 0, 1, '2026-01-03 15:56:29', '2026-01-03 15:56:29'),
(222, 25, 2, '3', 1, 4, 1, 0, 1, '2026-01-03 15:56:29', '2026-01-03 15:56:29'),
(223, 25, 2, '4', 1, 5, 1, 1, 0, '2026-01-03 15:56:29', '2026-01-03 15:56:29'),
(224, 26, 2, '1', 1, 1, 1, 1, 1, '2026-01-03 17:15:45', '2026-01-03 17:15:45'),
(225, 26, 2, '2', 1, 3, 1, 1, 1, '2026-01-03 17:15:45', '2026-01-03 17:15:45'),
(226, 26, 2, '3', 1, 1, 2, 1, 1, '2026-01-03 17:15:45', '2026-01-03 17:15:45'),
(227, 26, 2, '4', 1, 3, 2, 1, 1, '2026-01-03 17:15:45', '2026-01-03 17:15:45'),
(228, 27, 2, '1', 1, 1, 1, 1, 1, '2026-01-03 17:18:04', '2026-01-03 17:18:04'),
(229, 27, 2, '2', 1, 3, 1, 1, 1, '2026-01-03 17:18:04', '2026-01-03 17:18:04'),
(230, 27, 2, '3', 1, 1, 2, 1, 1, '2026-01-03 17:18:04', '2026-01-03 17:18:04'),
(231, 27, 2, '4', 1, 3, 2, 1, 1, '2026-01-03 17:18:04', '2026-01-03 17:18:04'),
(232, 28, 2, '1', 1, 1, 1, 1, 1, '2026-01-03 17:33:07', '2026-01-03 17:33:07'),
(233, 28, 2, '2', 1, 3, 1, 1, 1, '2026-01-03 17:33:07', '2026-01-03 17:33:07'),
(234, 28, 2, '3', 1, 1, 2, 1, 1, '2026-01-03 17:33:07', '2026-01-03 17:33:07'),
(235, 28, 2, '4', 1, 3, 2, 1, 1, '2026-01-03 17:33:07', '2026-01-03 17:33:07'),
(236, 29, 2, '2', 1, 3, 1, 1, 1, '2026-01-03 17:41:16', '2026-01-03 17:41:16'),
(237, 29, 2, '1', 1, 1, 1, 1, 1, '2026-01-03 17:41:16', '2026-01-03 17:41:16'),
(238, 29, 2, '3', 1, 1, 2, 1, 1, '2026-01-03 17:41:16', '2026-01-03 17:41:16'),
(239, 29, 2, '4', 1, 3, 2, 1, 1, '2026-01-03 17:41:16', '2026-01-03 17:41:16'),
(240, 30, 2, '1', 1, 1, 1, 1, 1, '2026-01-03 17:44:02', '2026-01-03 17:44:02'),
(241, 30, 2, '2', 1, 3, 1, 1, 1, '2026-01-03 17:44:02', '2026-01-03 17:44:02'),
(242, 30, 2, '3', 1, 1, 2, 1, 1, '2026-01-03 17:44:02', '2026-01-03 17:44:02'),
(243, 30, 2, '4', 1, 3, 2, 1, 1, '2026-01-03 17:44:02', '2026-01-03 17:44:02'),
(244, 31, 2, '1', 1, 1, 1, 1, 1, '2026-01-03 17:48:47', '2026-01-03 17:48:47'),
(245, 31, 2, '2', 1, 3, 1, 1, 1, '2026-01-03 17:48:47', '2026-01-03 17:48:47'),
(246, 31, 2, '3', 1, 1, 2, 1, 1, '2026-01-03 17:48:47', '2026-01-03 17:48:47'),
(247, 31, 2, '4', 1, 3, 2, 1, 1, '2026-01-03 17:48:47', '2026-01-03 17:48:47'),
(248, 32, 2, '1', 1, 1, 1, 1, 1, '2026-01-03 17:51:44', '2026-01-03 17:51:44'),
(249, 32, 2, '2', 1, 3, 1, 1, 1, '2026-01-03 17:51:44', '2026-01-03 17:51:44'),
(250, 32, 1, '3', 1, 1, 2, 1, 1, '2026-01-03 17:51:44', '2026-01-03 17:51:44'),
(251, 32, 2, '4', 1, 3, 2, 1, 1, '2026-01-03 17:51:44', '2026-01-03 17:51:44'),
(252, 33, 2, '1', 1, 1, 1, 1, 1, '2026-01-03 18:04:37', '2026-01-03 18:04:37'),
(253, 33, 2, '2', 1, 3, 1, 1, 1, '2026-01-03 18:04:37', '2026-01-03 18:04:37'),
(254, 33, 2, '3', 1, 1, 2, 1, 1, '2026-01-03 18:04:37', '2026-01-03 18:04:37'),
(255, 33, 1, '4', 1, 3, 2, 1, 1, '2026-01-03 18:04:37', '2026-01-03 18:04:37'),
(256, 34, 1, '3', 1, 1, 2, 1, 1, '2026-01-03 18:06:10', '2026-01-03 18:06:10'),
(257, 34, 3, '4', 1, 3, 2, 1, 1, '2026-01-03 18:06:10', '2026-01-03 18:06:10'),
(258, 34, 2, '1', 1, 1, 1, 1, 1, '2026-01-03 18:06:10', '2026-01-03 18:06:10'),
(259, 34, 2, '2', 1, 3, 1, 1, 1, '2026-01-03 18:06:10', '2026-01-03 18:06:10'),
(260, 35, 2, '1', 1, 1, 1, 1, 0, '2026-01-03 18:22:38', '2026-01-03 18:22:38'),
(261, 35, 2, '2', 1, 2, 1, 0, 1, '2026-01-03 18:22:38', '2026-01-03 18:22:38'),
(262, 35, 1, '3', 1, 4, 1, 0, 1, '2026-01-03 18:22:38', '2026-01-03 18:22:38'),
(263, 35, 2, '4', 1, 5, 1, 1, 0, '2026-01-03 18:22:38', '2026-01-03 18:22:38'),
(264, 35, 2, '5', 1, 1, 2, 1, 0, '2026-01-03 18:22:38', '2026-01-03 18:22:38'),
(265, 35, 3, '6', 1, 2, 2, 0, 1, '2026-01-03 18:22:38', '2026-01-03 18:22:38'),
(266, 35, 3, '7', 1, 4, 2, 0, 1, '2026-01-03 18:22:38', '2026-01-03 18:22:38'),
(267, 35, 3, '8', 1, 5, 2, 1, 0, '2026-01-03 18:22:38', '2026-01-03 18:22:38'),
(268, 36, 2, '1', 1, 1, 1, 1, 1, '2026-01-03 18:47:27', '2026-01-03 18:47:27'),
(269, 36, 2, '2', 1, 3, 1, 1, 1, '2026-01-03 18:47:27', '2026-01-03 18:47:27'),
(270, 36, 2, '4', 2, 3, 1, 1, 1, '2026-01-03 18:47:27', '2026-01-03 18:47:27'),
(271, 36, 1, '3', 2, 1, 1, 1, 1, '2026-01-03 18:47:27', '2026-01-03 18:47:27'),
(272, 36, 2, '5', 1, 1, 2, 1, 1, '2026-01-03 18:47:27', '2026-01-03 18:47:27'),
(273, 36, 2, '7', 2, 1, 2, 1, 1, '2026-01-03 18:47:27', '2026-01-03 18:47:27'),
(274, 36, 3, '8', 2, 3, 2, 1, 1, '2026-01-03 18:47:27', '2026-01-03 18:47:27'),
(275, 36, 2, '6', 1, 3, 2, 1, 1, '2026-01-03 18:47:27', '2026-01-03 18:47:27'),
(276, 37, 2, '1', 1, 1, 1, 1, 1, '2026-01-03 18:48:49', '2026-01-03 18:48:49'),
(277, 37, 1, '3', 2, 1, 1, 1, 1, '2026-01-03 18:48:49', '2026-01-03 18:48:49'),
(278, 37, 2, '2', 1, 3, 1, 1, 1, '2026-01-03 18:48:49', '2026-01-03 18:48:49'),
(279, 37, 2, '4', 2, 3, 1, 1, 1, '2026-01-03 18:48:49', '2026-01-03 18:48:49'),
(280, 37, 2, '5', 1, 1, 2, 1, 1, '2026-01-03 18:48:49', '2026-01-03 18:48:49'),
(281, 37, 3, '6', 1, 3, 2, 1, 1, '2026-01-03 18:48:49', '2026-01-03 18:48:49'),
(282, 37, 2, '7', 2, 1, 2, 1, 1, '2026-01-03 18:48:49', '2026-01-03 18:48:49'),
(283, 37, 2, '8', 2, 3, 2, 1, 1, '2026-01-03 18:48:49', '2026-01-03 18:48:49'),
(284, 38, 2, '1', 1, 1, 1, 1, 1, '2026-01-03 18:50:58', '2026-01-03 18:50:58'),
(285, 38, 2, '3', 2, 1, 1, 1, 1, '2026-01-03 18:50:58', '2026-01-03 18:50:58'),
(286, 38, 1, '4', 2, 3, 1, 1, 1, '2026-01-03 18:50:58', '2026-01-03 18:50:58'),
(287, 38, 2, '2', 1, 3, 1, 1, 1, '2026-01-03 18:50:58', '2026-01-03 18:50:58'),
(288, 38, 2, '5', 1, 1, 2, 1, 1, '2026-01-03 18:50:58', '2026-01-03 18:50:58'),
(289, 38, 2, '7', 2, 1, 2, 1, 1, '2026-01-03 18:50:58', '2026-01-03 18:50:58'),
(290, 38, 3, '6', 1, 3, 2, 1, 1, '2026-01-03 18:50:58', '2026-01-03 18:50:58'),
(291, 38, 3, '8', 2, 3, 2, 1, 1, '2026-01-03 18:50:58', '2026-01-03 18:50:58'),
(292, 39, 2, '1', 1, 1, 1, 1, 1, '2026-01-03 18:55:08', '2026-01-03 18:55:08'),
(293, 39, 2, '2', 1, 3, 1, 1, 1, '2026-01-03 18:55:08', '2026-01-03 18:55:08'),
(294, 39, 1, '4', 2, 3, 1, 1, 1, '2026-01-03 18:55:08', '2026-01-03 18:55:08'),
(295, 39, 2, '3', 2, 1, 1, 1, 1, '2026-01-03 18:55:08', '2026-01-03 18:55:08'),
(296, 39, 2, '5', 1, 1, 2, 1, 1, '2026-01-03 18:55:08', '2026-01-03 18:55:08'),
(297, 39, 1, '6', 1, 3, 2, 1, 1, '2026-01-03 18:55:08', '2026-01-03 18:55:08'),
(298, 39, 2, '7', 2, 1, 2, 1, 1, '2026-01-03 18:55:08', '2026-01-03 18:55:08'),
(299, 39, 1, '8', 2, 3, 2, 1, 1, '2026-01-03 18:55:08', '2026-01-03 18:55:08'),
(300, 40, 2, '1', 1, 1, 1, 1, 1, '2026-01-03 18:56:25', '2026-01-03 18:56:25'),
(301, 40, 2, '2', 1, 3, 1, 1, 1, '2026-01-03 18:56:25', '2026-01-03 18:56:25'),
(302, 40, 2, '4', 2, 3, 1, 1, 1, '2026-01-03 18:56:25', '2026-01-03 18:56:25'),
(303, 40, 1, '3', 2, 1, 1, 1, 1, '2026-01-03 18:56:25', '2026-01-03 18:56:25'),
(304, 40, 2, '5', 1, 1, 2, 1, 1, '2026-01-03 18:56:25', '2026-01-03 18:56:25'),
(305, 40, 2, '7', 2, 1, 2, 1, 1, '2026-01-03 18:56:25', '2026-01-03 18:56:25'),
(306, 40, 3, '6', 1, 3, 2, 1, 1, '2026-01-03 18:56:25', '2026-01-03 18:56:25'),
(307, 40, 3, '8', 2, 3, 2, 1, 1, '2026-01-03 18:56:25', '2026-01-03 18:56:25'),
(308, 41, 2, '1', 1, 1, 1, 1, 0, '2026-01-04 11:00:06', '2026-01-04 11:00:06'),
(309, 41, 2, '2', 1, 2, 1, 0, 1, '2026-01-04 11:00:06', '2026-01-04 11:00:06'),
(310, 41, 2, '3', 1, 4, 1, 0, 1, '2026-01-04 11:00:06', '2026-01-04 11:00:06'),
(311, 41, 2, '4', 1, 5, 1, 1, 0, '2026-01-04 11:00:06', '2026-01-04 11:00:06'),
(312, 41, 2, '5', 2, 1, 1, 1, 0, '2026-01-04 11:00:06', '2026-01-04 11:00:06'),
(313, 41, 2, '6', 2, 2, 1, 0, 1, '2026-01-04 11:00:06', '2026-01-04 11:00:06'),
(314, 41, 2, '7', 2, 4, 1, 0, 1, '2026-01-04 11:00:06', '2026-01-04 11:00:06'),
(315, 41, 2, '8', 2, 5, 1, 1, 0, '2026-01-04 11:00:06', '2026-01-04 11:00:06'),
(316, 41, 2, '9', 3, 1, 1, 1, 0, '2026-01-04 11:00:06', '2026-01-04 11:00:06'),
(317, 41, 2, '10', 3, 2, 1, 0, 1, '2026-01-04 11:00:06', '2026-01-04 11:00:06'),
(318, 41, 2, '11', 3, 4, 1, 0, 1, '2026-01-04 11:00:06', '2026-01-04 11:00:06'),
(319, 41, 2, '12', 3, 5, 1, 1, 0, '2026-01-04 11:00:06', '2026-01-04 11:00:06'),
(320, 41, 2, '13', 4, 1, 1, 1, 0, '2026-01-04 11:00:06', '2026-01-04 11:00:06'),
(321, 41, 2, '14', 4, 2, 1, 0, 1, '2026-01-04 11:00:06', '2026-01-04 11:00:06'),
(322, 41, 2, '15', 4, 4, 1, 0, 1, '2026-01-04 11:00:06', '2026-01-04 11:00:06'),
(323, 41, 2, '16', 4, 5, 1, 1, 0, '2026-01-04 11:00:06', '2026-01-04 11:00:06'),
(324, 41, 2, '17', 5, 1, 1, 1, 0, '2026-01-04 11:00:06', '2026-01-04 11:00:06'),
(325, 41, 2, '18', 5, 2, 1, 0, 1, '2026-01-04 11:00:06', '2026-01-04 11:00:06'),
(326, 41, 2, '19', 5, 4, 1, 0, 1, '2026-01-04 11:00:06', '2026-01-04 11:00:06'),
(327, 41, 2, '20', 5, 5, 1, 1, 0, '2026-01-04 11:00:06', '2026-01-04 11:00:06'),
(328, 41, 2, '21', 6, 1, 1, 1, 0, '2026-01-04 11:00:06', '2026-01-04 11:00:06'),
(329, 41, 2, '22', 6, 2, 1, 0, 1, '2026-01-04 11:00:06', '2026-01-04 11:00:06'),
(330, 41, 2, '23', 6, 4, 1, 0, 1, '2026-01-04 11:00:06', '2026-01-04 11:00:06'),
(331, 41, 2, '24', 6, 5, 1, 1, 0, '2026-01-04 11:00:06', '2026-01-04 11:00:06'),
(332, 41, 2, '25', 7, 1, 1, 1, 0, '2026-01-04 11:00:06', '2026-01-04 11:00:06'),
(333, 41, 2, '26', 7, 2, 1, 0, 1, '2026-01-04 11:00:06', '2026-01-04 11:00:06'),
(334, 41, 2, '27', 7, 4, 1, 0, 1, '2026-01-04 11:00:06', '2026-01-04 11:00:06'),
(335, 41, 2, '28', 7, 5, 1, 1, 0, '2026-01-04 11:00:06', '2026-01-04 11:00:06'),
(336, 41, 2, '29', 8, 1, 1, 1, 0, '2026-01-04 11:00:06', '2026-01-04 11:00:06'),
(337, 41, 2, '30', 8, 2, 1, 0, 1, '2026-01-04 11:00:06', '2026-01-04 11:00:06'),
(338, 41, 2, '31', 8, 4, 1, 0, 1, '2026-01-04 11:00:06', '2026-01-04 11:00:06'),
(339, 41, 2, '32', 8, 5, 1, 1, 0, '2026-01-04 11:00:06', '2026-01-04 11:00:06'),
(340, 41, 2, '33', 9, 1, 1, 1, 0, '2026-01-04 11:00:06', '2026-01-04 11:00:06'),
(341, 41, 2, '34', 9, 2, 1, 0, 1, '2026-01-04 11:00:06', '2026-01-04 11:00:06'),
(342, 41, 2, '35', 9, 4, 1, 0, 1, '2026-01-04 11:00:06', '2026-01-04 11:00:06'),
(343, 41, 2, '36', 9, 5, 1, 1, 0, '2026-01-04 11:00:06', '2026-01-04 11:00:06'),
(344, 41, 2, '37', 10, 1, 1, 1, 0, '2026-01-04 11:00:06', '2026-01-04 11:00:06'),
(345, 41, 2, '38', 10, 2, 1, 0, 1, '2026-01-04 11:00:06', '2026-01-04 11:00:06'),
(346, 41, 2, '40', 10, 5, 1, 1, 0, '2026-01-04 11:00:06', '2026-01-04 11:00:06'),
(347, 41, 2, '39', 10, 4, 1, 0, 1, '2026-01-04 11:00:06', '2026-01-04 11:00:06'),
(348, 41, 2, '41', 1, 2, 2, 0, 1, '2026-01-04 11:00:06', '2026-01-04 11:00:06'),
(349, 41, 2, '44', 2, 4, 2, 0, 1, '2026-01-04 11:00:06', '2026-01-04 11:00:06'),
(350, 41, 2, '45', 3, 2, 2, 0, 1, '2026-01-04 11:00:06', '2026-01-04 11:00:06'),
(351, 41, 2, '48', 4, 4, 2, 0, 1, '2026-01-04 11:00:06', '2026-01-04 11:00:06'),
(352, 41, 2, '49', 5, 2, 2, 0, 1, '2026-01-04 11:00:06', '2026-01-04 11:00:06'),
(353, 41, 2, '52', 6, 4, 2, 0, 1, '2026-01-04 11:00:06', '2026-01-04 11:00:06'),
(354, 41, 2, '53', 7, 2, 2, 0, 1, '2026-01-04 11:00:06', '2026-01-04 11:00:06'),
(355, 41, 2, '56', 8, 4, 2, 0, 1, '2026-01-04 11:00:06', '2026-01-04 11:00:06'),
(356, 41, 2, '57', 9, 2, 2, 0, 1, '2026-01-04 11:00:06', '2026-01-04 11:00:06'),
(357, 41, 2, '60', 10, 4, 2, 0, 1, '2026-01-04 11:00:06', '2026-01-04 11:00:06'),
(358, 41, 1, '43', 2, 1, 2, 1, 0, '2026-01-04 11:00:06', '2026-01-04 11:00:06'),
(359, 41, 1, '47', 4, 1, 2, 1, 0, '2026-01-04 11:00:06', '2026-01-04 11:00:06'),
(360, 41, 1, '51', 6, 1, 2, 1, 0, '2026-01-04 11:00:06', '2026-01-04 11:00:06'),
(361, 41, 1, '55', 8, 1, 2, 1, 0, '2026-01-04 11:00:06', '2026-01-04 11:00:06'),
(362, 41, 1, '59', 10, 1, 2, 1, 0, '2026-01-04 11:00:06', '2026-01-04 11:00:06'),
(363, 41, 3, '42', 1, 5, 2, 1, 0, '2026-01-04 11:00:06', '2026-01-04 11:00:06'),
(364, 41, 3, '46', 3, 5, 2, 1, 0, '2026-01-04 11:00:06', '2026-01-04 11:00:06'),
(365, 41, 3, '50', 5, 5, 2, 1, 0, '2026-01-04 11:00:06', '2026-01-04 11:00:06'),
(366, 41, 3, '54', 7, 5, 2, 1, 0, '2026-01-04 11:00:06', '2026-01-04 11:00:06'),
(367, 41, 3, '58', 9, 5, 2, 1, 0, '2026-01-04 11:00:06', '2026-01-04 11:00:06'),
(368, 42, 2, '1', 1, 1, 1, 1, 0, '2026-01-04 12:38:10', '2026-01-04 12:38:10'),
(369, 42, 2, '2', 1, 2, 1, 1, 0, '2026-01-04 12:38:10', '2026-01-04 12:38:10'),
(370, 43, 2, '1', 1, 1, 1, 1, 0, '2026-01-04 13:54:31', '2026-01-04 13:54:31'),
(371, 43, 2, '2', 1, 2, 1, 1, 0, '2026-01-04 13:54:31', '2026-01-04 13:54:31'),
(372, 44, 2, '1', 1, 1, 1, 1, 0, '2026-01-04 13:55:30', '2026-01-04 13:55:30'),
(373, 44, 1, '2', 1, 2, 1, 1, 0, '2026-01-04 13:55:30', '2026-01-04 13:55:30'),
(374, 45, 2, '1', 1, 1, 1, 1, 0, '2026-01-04 16:37:03', '2026-01-04 16:37:03'),
(375, 46, 2, '1', 1, 1, 1, 1, 0, '2026-01-04 16:39:35', '2026-01-04 16:39:35'),
(376, 47, 2, '1', 1, 1, 1, 1, 0, '2026-01-04 16:40:49', '2026-01-04 16:40:49'),
(377, 48, 2, '1', 1, 1, 1, 1, 0, '2026-01-04 16:44:36', '2026-01-04 16:44:36'),
(378, 49, 2, '1', 1, 1, 1, 1, 0, '2026-01-04 16:48:30', '2026-01-04 16:48:30'),
(379, 50, 2, '1', 1, 1, 1, 1, 0, '2026-01-04 16:48:47', '2026-01-04 16:48:47'),
(380, 51, 2, '1', 1, 1, 1, 1, 0, '2026-01-04 16:48:54', '2026-01-04 16:48:54'),
(381, 52, 2, '1', 1, 1, 1, 1, 0, '2026-01-04 16:49:43', '2026-01-04 16:49:43'),
(382, 53, 2, '1', 1, 1, 1, 1, 0, '2026-01-04 16:50:12', '2026-01-04 16:50:12'),
(383, 54, 2, '1', 1, 1, 1, 1, 0, '2026-01-04 16:54:29', '2026-01-04 16:54:29'),
(384, 55, 2, '1', 1, 1, 1, 1, 0, '2026-01-04 16:55:49', '2026-01-04 16:55:49'),
(385, 56, 2, '1', 1, 1, 1, 1, 0, '2026-01-04 16:57:46', '2026-01-04 16:57:46'),
(386, 57, 1, '1', 1, 1, 1, 1, 1, '2026-01-04 17:43:59', '2026-01-04 17:43:59'),
(387, 57, 2, '2', 1, 4, 1, 0, 1, '2026-01-04 17:43:59', '2026-01-04 17:43:59'),
(388, 57, 2, '3', 1, 5, 1, 1, 0, '2026-01-04 17:43:59', '2026-01-04 17:43:59'),
(389, 57, 2, '4', 2, 1, 1, 1, 1, '2026-01-04 17:43:59', '2026-01-04 17:43:59'),
(390, 57, 2, '5', 1, 4, 2, 0, 1, '2026-01-04 17:43:59', '2026-01-04 17:43:59'),
(391, 57, 2, '6', 2, 1, 2, 1, 1, '2026-01-04 17:43:59', '2026-01-04 17:43:59'),
(392, 58, 2, '1', 1, 1, 1, 1, 0, '2026-01-05 21:17:35', '2026-01-05 21:17:35'),
(393, 59, 2, '1', 9, 1, 1, 1, 0, '2026-01-06 20:29:20', '2026-01-06 20:29:20'),
(394, 59, 2, '2', 10, 1, 1, 1, 0, '2026-01-06 20:29:20', '2026-01-06 20:29:20'),
(395, 60, 2, '1', 9, 1, 1, 1, 0, '2026-01-06 20:29:26', '2026-01-06 20:29:26'),
(396, 60, 2, '2', 10, 1, 1, 1, 0, '2026-01-06 20:29:26', '2026-01-06 20:29:26');

-- --------------------------------------------------------

--
-- بنية الجدول `bus_statuses`
--

CREATE TABLE `bus_statuses` (
  `status_id` int(11) NOT NULL,
  `name` varchar(50) NOT NULL,
  `description` varchar(255) DEFAULT NULL
) ENGINE=InnoDB DEFAULT CHARSET=utf8mb4 COLLATE=utf8mb4_unicode_ci;

--
-- إرجاع أو استيراد بيانات الجدول `bus_statuses`
--

INSERT INTO `bus_statuses` (`status_id`, `name`, `description`) VALUES
(1, 'Active', 'The bus is ready for trips.'),
(2, 'Inactive', 'The bus is currently not in service.'),
(3, 'Under-Maintenance', 'The bus is undergoing maintenance.');

-- --------------------------------------------------------

--
-- بنية الجدول `cancellation_policies`
--

CREATE TABLE `cancellation_policies` (
  `policy_id` int(10) UNSIGNED NOT NULL,
  `partner_id` int(10) UNSIGNED NOT NULL,
  `policy_name` varchar(100) NOT NULL,
  `description` text DEFAULT NULL
) ENGINE=InnoDB DEFAULT CHARSET=utf8mb4 COLLATE=utf8mb4_unicode_ci COMMENT='سياسات الإلغاء المعرفة من قبل الشركاء';

--
-- إرجاع أو استيراد بيانات الجدول `cancellation_policies`
--

INSERT INTO `cancellation_policies` (`policy_id`, `partner_id`, `policy_name`, `description`) VALUES
(3, 9, 'سياسة الغاء حجز اولي', 'هههه'),
(4, 9, 'string', 'string');

-- --------------------------------------------------------

--
-- بنية الجدول `cancellation_policy_rules`
--

CREATE TABLE `cancellation_policy_rules` (
  `rule_id` int(10) UNSIGNED NOT NULL,
  `policy_id` int(10) UNSIGNED NOT NULL,
  `hours_before_departure` int(10) UNSIGNED NOT NULL,
  `refund_percentage` decimal(5,2) NOT NULL
) ENGINE=InnoDB DEFAULT CHARSET=utf8mb4 COLLATE=utf8mb4_unicode_ci COMMENT='قواعد سياسات الإلغاء التفصيلية';

--
-- إرجاع أو استيراد بيانات الجدول `cancellation_policy_rules`
--

INSERT INTO `cancellation_policy_rules` (`rule_id`, `policy_id`, `hours_before_departure`, `refund_percentage`) VALUES
(3, 3, 1, 10.00),
(4, 4, 1, 100.00);

-- --------------------------------------------------------

--
-- بنية الجدول `cities`
--

CREATE TABLE `cities` (
  `city_id` int(10) UNSIGNED NOT NULL,
  `country_id` smallint(5) UNSIGNED NOT NULL,
  `name` varchar(100) NOT NULL
) ENGINE=InnoDB DEFAULT CHARSET=utf8mb4 COLLATE=utf8mb4_unicode_ci COMMENT='جدول المدن';

--
-- إرجاع أو استيراد بيانات الجدول `cities`
--

INSERT INTO `cities` (`city_id`, `country_id`, `name`) VALUES
(1, 1, 'Riyadh'),
(2, 1, 'Jeddah'),
(3, 1, 'Dammam'),
(4, 1, 'Makkah'),
(5, 1, 'Madinah'),
(6, 2, 'Sana\'a'),
(7, 2, 'Aden'),
(8, 2, 'Taiz'),
(9, 2, 'Hodeidah'),
(10, 2, 'Mukalla');

-- --------------------------------------------------------

--
-- بنية الجدول `countries`
--

CREATE TABLE `countries` (
  `country_id` smallint(5) UNSIGNED NOT NULL,
  `name` varchar(100) NOT NULL,
  `code` varchar(10) NOT NULL
) ENGINE=InnoDB DEFAULT CHARSET=utf8mb4 COLLATE=utf8mb4_unicode_ci COMMENT='جدول الدول';

--
-- إرجاع أو استيراد بيانات الجدول `countries`
--

INSERT INTO `countries` (`country_id`, `name`, `code`) VALUES
(1, 'Saudi Arabia', 'SA'),
(2, 'Yemen', 'YE');

-- --------------------------------------------------------

--
-- بنية الجدول `document_action_logs`
--

CREATE TABLE `document_action_logs` (
  `log_id` int(10) UNSIGNED NOT NULL,
  `action_timestamp` timestamp NOT NULL DEFAULT current_timestamp(),
  `comments` text DEFAULT NULL,
  `action_type_id` int(11) NOT NULL,
  `document_id` int(10) UNSIGNED NOT NULL,
  `action_by_user_id` int(10) UNSIGNED NOT NULL
) ENGINE=InnoDB DEFAULT CHARSET=utf8mb4 COLLATE=utf8mb4_unicode_ci;

--
-- إرجاع أو استيراد بيانات الجدول `document_action_logs`
--

INSERT INTO `document_action_logs` (`log_id`, `action_timestamp`, `comments`, `action_type_id`, `document_id`, `action_by_user_id`) VALUES
(1, '2025-11-20 19:53:07', 'تم رفع المستند بواسطة الشريك.', 1, 1, 3),
(2, '2025-11-20 20:11:04', 'string', 2, 1, 5),
(3, '2025-11-20 20:15:12', 'string', 2, 1, 5),
(4, '2025-11-20 20:15:38', 'string', 3, 1, 5),
(5, '2025-11-20 20:16:03', 'string', 2, 1, 5),
(6, '2025-11-20 20:28:46', 'string', 2, 1, 5),
(7, '2025-11-20 20:30:05', 'تم رفع المستند بواسطة الشريك.', 1, 2, 3),
(8, '2025-11-21 15:01:41', 'تم رفع المستند بواسطة الشريك.', 1, 3, 13),
(9, '2025-11-21 15:11:12', 'string', 2, 3, 5),
(10, '2025-11-21 15:17:51', 'هذه الوثيقة ليست صحيحة', 3, 3, 5),
(11, '2025-11-24 17:03:27', 'تم رفع المستند بواسطة الشريك.', 1, 9, 16),
(12, '2025-11-24 17:06:56', 'string', 3, 9, 5),
(13, '2025-11-24 18:21:15', 'تم رفع المستند بواسطة الشريك.', 1, 10, 16),
(14, '2025-11-24 18:26:09', 'المستند واضح ومطابق للمعلومات.', 2, 10, 5),
(15, '2025-11-24 18:27:41', 'الصورة غير واضحة، يرجى إعادة رفع نسخة بجودة أفضل.', 3, 9, 5),
(16, '2025-11-24 18:28:18', 'الصورة غير واضحة، يرجى إعادة رفع نسخة بجودة أفضل.', 3, 9, 5),
(17, '2025-11-24 21:08:01', 'تم رفع المستند بواسطة الشريك.', 1, 11, 38),
(18, '2025-11-24 21:36:07', '', 2, 11, 5),
(19, '2025-11-24 23:39:56', 'string', 2, 1, 5),
(20, '2025-11-24 23:42:42', 'تم رفع المستند بواسطة الشريك.', 1, 12, 3),
(21, '2025-11-30 22:19:14', 'تم رفع المستند بواسطة الشريك.', 1, 13, 48);

-- --------------------------------------------------------

--
-- بنية الجدول `document_action_types`
--

CREATE TABLE `document_action_types` (
  `type_id` int(11) NOT NULL,
  `name` varchar(50) NOT NULL
) ENGINE=InnoDB DEFAULT CHARSET=utf8mb4 COLLATE=utf8mb4_unicode_ci COMMENT='أنواع الإجراءات على المستندات';

--
-- إرجاع أو استيراد بيانات الجدول `document_action_types`
--

INSERT INTO `document_action_types` (`type_id`, `name`) VALUES
(2, 'REVIEWED_APPROVED'),
(3, 'REVIEWED_REJECTED'),
(1, 'SUBMITTED');

-- --------------------------------------------------------

--
-- بنية الجدول `document_statuses`
--

CREATE TABLE `document_statuses` (
  `status_id` int(10) UNSIGNED NOT NULL,
  `name` varchar(50) NOT NULL
) ENGINE=InnoDB DEFAULT CHARSET=utf8mb4 COLLATE=utf8mb4_unicode_ci;

--
-- إرجاع أو استيراد بيانات الجدول `document_statuses`
--

INSERT INTO `document_statuses` (`status_id`, `name`) VALUES
(2, 'APPROVED'),
(1, 'PENDING_REVIEW'),
(3, 'REJECTED');

-- --------------------------------------------------------

--
-- بنية الجدول `drivers`
--

CREATE TABLE `drivers` (
  `driver_id` int(10) UNSIGNED NOT NULL,
  `user_id` int(10) UNSIGNED NOT NULL,
  `partner_id` int(10) UNSIGNED NOT NULL,
  `license_number` varchar(50) NOT NULL,
  `license_expiry_date` date DEFAULT NULL,
  `status_id` int(11) NOT NULL DEFAULT 1,
  `created_at` timestamp NOT NULL DEFAULT current_timestamp(),
  `updated_at` timestamp NOT NULL DEFAULT current_timestamp() ON UPDATE current_timestamp()
) ENGINE=InnoDB DEFAULT CHARSET=utf8mb4 COLLATE=utf8mb4_unicode_ci COMMENT='جدول السائقين';

--
-- إرجاع أو استيراد بيانات الجدول `drivers`
--

INSERT INTO `drivers` (`driver_id`, `user_id`, `partner_id`, `license_number`, `license_expiry_date`, `status_id`, `created_at`, `updated_at`) VALUES
(1, 8, 9, 'f112233', '2025-11-19', 1, '2025-11-19 20:22:18', '2025-11-19 20:22:18'),
(4, 9, 9, 'f1712233', '2025-11-19', 4, '2025-11-19 20:40:05', '2025-11-20 16:03:39'),
(5, 13, 9, '123', '2025-11-19', 3, '2025-11-19 20:56:49', '2025-11-19 22:19:53'),
(6, 14, 9, 'ss3vm32f211', '2025-12-19', 1, '2025-11-19 21:38:13', '2025-11-19 21:38:13'),
(8, 16, 9, '12wwe', '2025-12-20', 4, '2025-11-19 22:27:29', '2025-11-19 22:36:50'),
(9, 7, 4, 'ffd1123323', '2026-11-20', 1, '2025-11-20 16:57:23', '2025-11-20 16:57:23'),
(10, 20, 14, 'u766554', '2025-11-21', 1, '2025-11-21 15:43:46', '2025-11-21 15:43:46'),
(11, 21, 9, '66tty77', '2025-12-21', 1, '2025-11-21 19:32:38', '2025-11-21 19:32:38'),
(12, 22, 9, '66tty177', '2025-12-21', 1, '2025-11-21 20:20:10', '2025-11-21 20:20:10'),
(13, 23, 9, '66tty1177', '2025-12-21', 1, '2025-11-21 20:27:03', '2025-11-21 20:27:03'),
(14, 39, 9, 'sdfd3', '2026-11-24', 1, '2025-11-24 21:41:05', '2025-11-24 21:41:05'),
(22, 57, 11, 'fgfg666', '2029-12-10', 1, '2025-12-10 23:01:39', '2025-12-10 23:01:39');

-- --------------------------------------------------------

--
-- بنية الجدول `driver_statuses`
--

CREATE TABLE `driver_statuses` (
  `status_id` int(11) NOT NULL,
  `name` varchar(50) NOT NULL
) ENGINE=InnoDB DEFAULT CHARSET=utf8mb4 COLLATE=utf8mb4_unicode_ci;

--
-- إرجاع أو استيراد بيانات الجدول `driver_statuses`
--

INSERT INTO `driver_statuses` (`status_id`, `name`) VALUES
(1, 'Available'),
(4, 'Inactive'),
(3, 'OnLeave'),
(2, 'OnTrip');

-- --------------------------------------------------------

--
-- بنية الجدول `driver_trip_roles`
--

CREATE TABLE `driver_trip_roles` (
  `role_id` int(11) NOT NULL,
  `name` varchar(50) NOT NULL
) ENGINE=InnoDB DEFAULT CHARSET=utf8mb4 COLLATE=utf8mb4_unicode_ci;

--
-- إرجاع أو استيراد بيانات الجدول `driver_trip_roles`
--

INSERT INTO `driver_trip_roles` (`role_id`, `name`) VALUES
(2, 'Backup Driver'),
(1, 'Main Driver');

-- --------------------------------------------------------

--
-- بنية الجدول `fares`
--

CREATE TABLE `fares` (
  `fare_id` int(10) UNSIGNED NOT NULL,
  `trip_id` int(10) UNSIGNED NOT NULL,
  `class_id` int(11) NOT NULL COMMENT 'FK: يربط السعر بفئة المقعد (وليس فئة الحافلة)',
  `price` decimal(10,2) NOT NULL
) ENGINE=InnoDB DEFAULT CHARSET=utf8mb4 COLLATE=utf8mb4_unicode_ci COMMENT='يخزن سعر كل فئة مقعد لكل رحلة على حدة. يسمح بتسعير ديناميكي.';

--
-- إرجاع أو استيراد بيانات الجدول `fares`
--

INSERT INTO `fares` (`fare_id`, `trip_id`, `class_id`, `price`) VALUES
(1, 201, 1, 150.00),
(2, 202, 2, 250.00),
(33, 203, 3, 250.00),
(42, 227, 1, 350.00),
(43, 227, 3, 250.00),
(44, 228, 1, 350.00),
(45, 228, 3, 250.00),
(46, 229, 1, 350.00),
(47, 229, 3, 250.00),
(48, 230, 1, 350.00),
(49, 230, 3, 250.00),
(105, 231, 1, 1.00),
(106, 232, 1, 150.00),
(107, 233, 1, 150.00),
(108, 233, 3, 200.00),
(109, 234, 1, 250.00),
(110, 234, 2, 180.00),
(111, 235, 1, 250.00),
(112, 235, 2, 180.00),
(113, 236, 1, 250.00),
(114, 236, 2, 180.00),
(115, 237, 1, 250.00),
(116, 237, 2, 180.00),
(117, 238, 1, 250.00),
(118, 238, 2, 180.00),
(119, 239, 1, 250.00),
(120, 239, 2, 180.00),
(121, 240, 1, 250.00),
(122, 240, 2, 180.00),
(123, 241, 1, 150.00),
(124, 241, 2, 150.00),
(125, 242, 1, 150.00),
(126, 242, 2, 150.00),
(127, 243, 1, 150.00),
(128, 243, 2, 200.00),
(129, 244, 1, 150.00),
(130, 244, 2, 150.00),
(131, 245, 1, 150.00),
(132, 245, 2, 150.00),
(133, 246, 1, 150.00),
(134, 247, 1, 150.00),
(135, 248, 1, 150.00),
(136, 249, 1, 120.00),
(137, 249, 2, 170.00),
(138, 250, 1, 120.00),
(139, 250, 2, 170.00),
(140, 251, 1, 150.00),
(141, 252, 1, 500.00),
(142, 252, 2, 700.00),
(143, 254, 1, 100.00),
(144, 255, 1, 100.00),
(145, 256, 1, 100.00),
(146, 257, 1, 100.00),
(147, 258, 1, 100.00),
(148, 259, 1, 1000.00),
(149, 260, 1, 500.00),
(150, 260, 2, 700.00),
(151, 261, 1, 150.00),
(152, 261, 2, 100.00),
(153, 262, 1, 150.00),
(154, 262, 2, 200.00),
(155, 263, 1, 150.00),
(156, 263, 2, 200.00),
(157, 264, 1, 150.00),
(158, 264, 2, 200.00),
(159, 265, 1, 150.00),
(160, 265, 2, 200.00),
(161, 266, 1, 150.00),
(162, 266, 2, 200.00),
(163, 267, 1, 150.00),
(164, 267, 2, 200.00),
(165, 268, 1, 150.00),
(166, 268, 2, 200.00),
(167, 269, 1, 150.00),
(168, 269, 2, 200.00),
(169, 270, 1, 150.00),
(170, 270, 2, 200.00),
(171, 271, 1, 150.00),
(172, 271, 2, 200.00),
(173, 272, 1, 150.00),
(174, 272, 2, 200.00),
(175, 273, 1, 150.00),
(176, 273, 2, 200.00),
(177, 274, 1, 150.00),
(178, 274, 2, 200.00),
(179, 275, 1, 150.00),
(180, 275, 2, 200.00),
(181, 276, 1, 150.00),
(182, 276, 2, 200.00),
(183, 277, 1, 150.00),
(184, 277, 2, 200.00),
(185, 278, 1, 150.00),
(186, 279, 1, 120.00),
(187, 279, 2, 150.00),
(188, 280, 1, 120.00),
(189, 280, 2, 150.00),
(190, 281, 1, 120.00),
(191, 281, 2, 150.00),
(192, 282, 1, 120.00),
(193, 282, 2, 150.00),
(194, 283, 1, 120.00),
(195, 283, 2, 150.00),
(196, 284, 1, 120.00),
(197, 284, 2, 150.00),
(198, 285, 1, 150.00),
(199, 285, 2, 150.00),
(200, 286, 1, 150.00),
(201, 286, 2, 150.00),
(202, 287, 1, 150.00),
(203, 287, 2, 150.00),
(204, 288, 1, 150.00),
(205, 288, 2, 150.00),
(206, 289, 1, 150.00),
(207, 289, 2, 150.00),
(208, 290, 1, 150.00),
(209, 290, 2, 150.00),
(210, 291, 1, 150.00),
(211, 291, 2, 150.00),
(212, 292, 1, 150.00),
(213, 292, 2, 150.00),
(214, 293, 1, 150.00),
(215, 293, 2, 150.00),
(216, 294, 1, 150.00),
(217, 294, 2, 150.00),
(218, 295, 1, 150.00),
(219, 295, 2, 150.00),
(220, 296, 1, 150.00),
(221, 296, 2, 150.00),
(222, 297, 1, 150.00),
(223, 297, 2, 150.00),
(224, 298, 1, 150.00),
(225, 298, 2, 150.00),
(226, 299, 1, 150.00),
(227, 299, 2, 150.00),
(228, 300, 1, 150.00),
(229, 300, 2, 200.00),
(230, 301, 1, 100.00),
(231, 301, 2, 200.00),
(232, 302, 1, 100.00),
(233, 302, 2, 200.00),
(234, 303, 1, 100.00),
(235, 303, 2, 200.00),
(236, 304, 1, 100.00),
(237, 304, 2, 200.00),
(238, 305, 1, 150.00),
(239, 305, 2, 200.00),
(240, 306, 1, 150.00),
(241, 306, 2, 200.00),
(242, 307, 1, 400.00),
(243, 307, 2, 500.00),
(244, 308, 1, 400.00),
(245, 308, 2, 500.00),
(246, 309, 1, 1000.00),
(247, 309, 2, 500.00);

-- --------------------------------------------------------

--
-- بنية الجدول `genders`
--

CREATE TABLE `genders` (
  `gender_id` int(11) NOT NULL,
  `name` varchar(50) NOT NULL
) ENGINE=InnoDB DEFAULT CHARSET=utf8mb4 COLLATE=utf8mb4_unicode_ci COMMENT='أنواع الجنس (ذكر/أنثى)';

--
-- إرجاع أو استيراد بيانات الجدول `genders`
--

INSERT INTO `genders` (`gender_id`, `name`) VALUES
(2, 'Female'),
(1, 'Male'),
(3, 'Other');

-- --------------------------------------------------------

--
-- بنية الجدول `nationalities`
--

CREATE TABLE `nationalities` (
  `nationality_id` int(11) NOT NULL,
  `name_ar` varchar(100) NOT NULL COMMENT 'اسم الجنسية بالعربي',
  `name_en` varchar(100) NOT NULL COMMENT 'اسم الجنسية بالإنجليزي'
) ENGINE=InnoDB DEFAULT CHARSET=utf8mb4 COLLATE=utf8mb4_unicode_ci COMMENT='قائمة الجنسيات';

--
-- إرجاع أو استيراد بيانات الجدول `nationalities`
--

INSERT INTO `nationalities` (`nationality_id`, `name_ar`, `name_en`) VALUES
(1, 'سعودي', 'Saudi'),
(2, 'يمني', 'Yemeni'),
(3, 'مصري', 'Egyptian'),
(4, 'سوري', 'Syrian'),
(5, 'هندي', 'Indian'),
(6, 'باكستاني', 'Pakistani');

-- --------------------------------------------------------

--
-- بنية الجدول `partners`
--

CREATE TABLE `partners` (
  `partner_id` int(10) UNSIGNED NOT NULL,
  `user_id` int(10) UNSIGNED NOT NULL,
  `company_name` varchar(150) NOT NULL,
  `commission_rate` decimal(5,2) NOT NULL DEFAULT 10.00,
  `created_at` timestamp NOT NULL DEFAULT current_timestamp(),
  `updated_at` timestamp NOT NULL DEFAULT current_timestamp() ON UPDATE current_timestamp(),
  `status_id` int(11) NOT NULL,
  `contact_phone` varchar(25) NOT NULL,
  `address` varchar(255) NOT NULL
) ENGINE=InnoDB DEFAULT CHARSET=utf8mb4 COLLATE=utf8mb4_unicode_ci COMMENT='جدول الشركاء (مقدمي الخدمة)';

--
-- إرجاع أو استيراد بيانات الجدول `partners`
--

INSERT INTO `partners` (`partner_id`, `user_id`, `company_name`, `commission_rate`, `created_at`, `updated_at`, `status_id`, `contact_phone`, `address`) VALUES
(4, 7, 'شركة اليمامة للنقل', 10.00, '2025-11-13 23:44:48', '2025-11-20 16:55:55', 2, '966501234567', 'الرياض، حي الملز'),
(9, 3, 'شركة ابن الرافدين للنقل', 10.00, '2025-11-14 00:08:17', '2025-11-14 00:10:46', 2, '96336501234567', 'صنعاء، شارع تعز'),
(10, 8, 'ثروباك سفر', 10.00, '2025-11-14 05:35:25', '2025-11-14 05:35:25', 1, '2233112', 'اب - شارع تعز'),
(11, 10, 'f', 10.00, '2025-11-14 08:13:46', '2025-11-24 23:41:41', 2, '445533', 'tt'),
(12, 11, 'pop', 10.00, '2025-11-17 02:33:28', '2025-11-17 02:33:28', 1, '4635332', 'ibb'),
(13, 12, 'pop2', 10.00, '2025-11-17 02:36:23', '2025-11-17 02:40:12', 2, '4635332', 'ibb'),
(14, 13, 'تركات بوب لسفر والسياحة', 10.00, '2025-11-21 14:22:33', '2025-11-21 15:31:28', 2, '5566778899', 'تعز-المدينة'),
(15, 16, 'YU', 10.00, '2025-11-24 16:46:24', '2025-11-24 16:46:24', 1, '464654ty', 'ffgfg'),
(24, 38, 'string', 10.00, '2025-11-24 21:06:12', '2025-11-24 21:09:52', 2, 'string', 'string'),
(25, 48, 'zz', 10.00, '2025-11-30 22:18:07', '2025-11-30 22:18:07', 1, '3444333e', 'ddd'),
(27, 56, 'hjo', 10.00, '2025-12-10 23:15:01', '2025-12-11 00:01:16', 2, '78878678', 'kjhj'),
(28, 5, 'hjo', 10.00, '2025-12-10 23:40:32', '2026-01-04 21:53:02', 1, '78878678', 'kjhj'),
(29, 57, 'jjj', 10.00, '2026-01-04 21:50:01', '2026-01-04 21:53:18', 2, '56754', 'taiz');

-- --------------------------------------------------------

--
-- بنية الجدول `partner_branches`
--

CREATE TABLE `partner_branches` (
  `branch_id` int(10) UNSIGNED NOT NULL,
  `partner_id` int(10) UNSIGNED NOT NULL,
  `city_id` int(10) UNSIGNED NOT NULL,
  `branch_name` varchar(150) NOT NULL,
  `address` text DEFAULT NULL
) ENGINE=InnoDB DEFAULT CHARSET=utf8mb4 COLLATE=utf8mb4_unicode_ci COMMENT='فروع ومكاتب الشركاء';

--
-- إرجاع أو استيراد بيانات الجدول `partner_branches`
--

INSERT INTO `partner_branches` (`branch_id`, `partner_id`, `city_id`, `branch_name`, `address`) VALUES
(1, 9, 7, 'الوصل', 'هلوف');

-- --------------------------------------------------------

--
-- بنية الجدول `partner_documents`
--

CREATE TABLE `partner_documents` (
  `document_id` int(10) UNSIGNED NOT NULL,
  `file_url` varchar(255) NOT NULL,
  `uploaded_at` timestamp NOT NULL DEFAULT current_timestamp(),
  `partner_id` int(10) UNSIGNED NOT NULL,
  `document_type_id` int(10) UNSIGNED NOT NULL,
  `status_id` int(10) UNSIGNED NOT NULL
) ENGINE=InnoDB DEFAULT CHARSET=utf8mb4 COLLATE=utf8mb4_unicode_ci;

--
-- إرجاع أو استيراد بيانات الجدول `partner_documents`
--

INSERT INTO `partner_documents` (`document_id`, `file_url`, `uploaded_at`, `partner_id`, `document_type_id`, `status_id`) VALUES
(1, 'uploads/partner_documents/9b375fb3-3490-4e4a-ad4a-82dd6139d036.png', '2025-11-20 19:53:07', 9, 1, 2),
(2, 'uploads/partner_documents/33ed6678-0864-4af1-8d13-99d056e59d03.png', '2025-11-20 20:30:05', 9, 2, 1),
(3, 'uploads/partner_documents/9cd23425-8811-4ad5-bf90-5671d08a439d.png', '2025-11-21 15:01:41', 14, 1, 3),
(9, 'uploads/partner_documents/b7f642a2-5234-4df0-9c76-1e5aa4816bf3.png', '2025-11-24 17:03:27', 15, 1, 3),
(10, 'uploads/partner_documents/d7126090-f0a5-410c-a0aa-bb61e869bc5a.png', '2025-11-24 18:21:15', 15, 2, 2),
(11, 'uploads/partner_documents/e59bdc14-4c6b-49cc-826f-221e60dd7a1f.png', '2025-11-24 21:08:01', 24, 1, 2),
(12, 'uploads/partner_documents/9eb0e129-0094-4a6b-bea1-9e63eefd1d2b.png', '2025-11-24 23:42:42', 9, 3, 1),
(13, 'uploads/partner_documents/c31d2024-de7f-4a31-a041-a797c3268abb.png', '2025-11-30 22:19:14', 25, 1, 1);

-- --------------------------------------------------------

--
-- بنية الجدول `partner_document_types`
--

CREATE TABLE `partner_document_types` (
  `type_id` int(10) UNSIGNED NOT NULL,
  `name` varchar(100) NOT NULL,
  `is_required` tinyint(1) NOT NULL DEFAULT 1
) ENGINE=InnoDB DEFAULT CHARSET=utf8mb4 COLLATE=utf8mb4_unicode_ci;

--
-- إرجاع أو استيراد بيانات الجدول `partner_document_types`
--

INSERT INTO `partner_document_types` (`type_id`, `name`, `is_required`) VALUES
(1, 'Commercial Registration', 1),
(2, 'Transport License', 1),
(3, 'Owner National ID', 1),
(4, 'Vehicle Insurance', 0);

-- --------------------------------------------------------

--
-- بنية الجدول `partner_employees`
--

CREATE TABLE `partner_employees` (
  `employee_id` int(10) UNSIGNED NOT NULL,
  `user_id` int(10) UNSIGNED NOT NULL,
  `partner_id` int(10) UNSIGNED NOT NULL,
  `branch_id` int(10) UNSIGNED DEFAULT NULL,
  `employee_role` varchar(100) NOT NULL
) ENGINE=InnoDB DEFAULT CHARSET=utf8mb4 COLLATE=utf8mb4_unicode_ci COMMENT='موظفو الشركات الشريكة';

--
-- إرجاع أو استيراد بيانات الجدول `partner_employees`
--

INSERT INTO `partner_employees` (`employee_id`, `user_id`, `partner_id`, `branch_id`, `employee_role`) VALUES
(1, 49, 9, 1, 'موظف');

-- --------------------------------------------------------

--
-- بنية الجدول `partner_settlements`
--

CREATE TABLE `partner_settlements` (
  `settlement_id` int(10) UNSIGNED NOT NULL,
  `partner_id` int(10) UNSIGNED NOT NULL,
  `amount` decimal(12,2) NOT NULL,
  `status` enum('Pending','Paid','Failed') NOT NULL DEFAULT 'Pending',
  `period_start_date` date NOT NULL,
  `period_end_date` date NOT NULL,
  `created_at` timestamp NOT NULL DEFAULT current_timestamp(),
  `paid_at` timestamp NULL DEFAULT NULL
) ENGINE=InnoDB DEFAULT CHARSET=utf8mb4 COLLATE=utf8mb4_unicode_ci COMMENT='سجل تسوية المستحقات المالية للشركاء';

-- --------------------------------------------------------

--
-- بنية الجدول `partner_statuses`
--

CREATE TABLE `partner_statuses` (
  `status_id` int(11) NOT NULL,
  `name` varchar(50) NOT NULL,
  `description` varchar(255) DEFAULT NULL
) ENGINE=InnoDB DEFAULT CHARSET=utf8mb4 COLLATE=utf8mb4_unicode_ci;

--
-- إرجاع أو استيراد بيانات الجدول `partner_statuses`
--

INSERT INTO `partner_statuses` (`status_id`, `name`, `description`) VALUES
(1, 'Pending', 'The partner has registered and is awaiting admin approval.'),
(2, 'Approved', 'The partner is approved and can use the platform.'),
(3, 'Rejected', 'The partner\'s application has been rejected.'),
(4, 'Banned', 'The partner\'s access has been revoked.');

-- --------------------------------------------------------

--
-- بنية الجدول `passenger_document_types`
--

CREATE TABLE `passenger_document_types` (
  `type_id` int(11) NOT NULL,
  `name` varchar(50) NOT NULL
) ENGINE=InnoDB DEFAULT CHARSET=utf8mb4 COLLATE=utf8mb4_unicode_ci COMMENT='أنواع وثائق إثبات الهوية للمسافرين';

--
-- إرجاع أو استيراد بيانات الجدول `passenger_document_types`
--

INSERT INTO `passenger_document_types` (`type_id`, `name`) VALUES
(4, 'Driving License'),
(3, 'Iqama'),
(1, 'National ID'),
(2, 'Passport');

-- --------------------------------------------------------

--
-- بنية الجدول `passenger_relationships`
--

CREATE TABLE `passenger_relationships` (
  `relationship_id` int(11) NOT NULL,
  `name` varchar(50) NOT NULL
) ENGINE=InnoDB DEFAULT CHARSET=utf8mb4 COLLATE=utf8mb4_unicode_ci COMMENT='صلة القرابة بين المسافر وصاحب الحجز';

--
-- إرجاع أو استيراد بيانات الجدول `passenger_relationships`
--

INSERT INTO `passenger_relationships` (`relationship_id`, `name`) VALUES
(4, 'DAUGHTER'),
(5, 'FATHER'),
(6, 'MOTHER'),
(7, 'OTHER'),
(1, 'SELF'),
(3, 'SON'),
(2, 'WIFE');

-- --------------------------------------------------------

--
-- بنية الجدول `permissions`
--

CREATE TABLE `permissions` (
  `id` int(10) UNSIGNED NOT NULL,
  `name` varchar(100) NOT NULL COMMENT 'اسم الصلاحية الفريد (مثال: trip:create)',
  `description_ar` varchar(255) DEFAULT NULL COMMENT 'وصف الصلاحية باللغة العربية',
  `description_en` varchar(255) DEFAULT NULL COMMENT 'وصف الصلاحية باللغة الإنجليزية',
  `module` varchar(50) NOT NULL COMMENT 'الوحدة التي تنتمي إليها الصلاحية (مثال: trip, booking, admin)',
  `created_at` timestamp NOT NULL DEFAULT current_timestamp(),
  `updated_at` timestamp NOT NULL DEFAULT current_timestamp() ON UPDATE current_timestamp()
) ENGINE=InnoDB DEFAULT CHARSET=utf8mb4 COLLATE=utf8mb4_general_ci;

--
-- إرجاع أو استيراد بيانات الجدول `permissions`
--

INSERT INTO `permissions` (`id`, `name`, `description_ar`, `description_en`, `module`, `created_at`, `updated_at`) VALUES
(1, 'trip:create', 'إنشاء رحلات جديدة يدوياً', 'Create new trips manually', 'trip', '2025-12-08 23:23:50', '2025-12-08 23:23:50'),
(2, 'trip:read_all', 'عرض جميع الرحلات في النظام', 'View all trips in the system', 'trip', '2025-12-08 23:23:50', '2025-12-08 23:23:50'),
(3, 'trip:update', 'تعديل تفاصيل الرحلة', 'Update trip details', 'trip', '2025-12-08 23:23:50', '2025-12-08 23:23:50'),
(4, 'trip:cancel', 'إلغاء الرحلات', 'Cancel trips', 'trip', '2025-12-08 23:23:50', '2025-12-08 23:23:50'),
(5, 'booking:create', 'إنشاء حجز جديد', 'Create a new booking', 'booking', '2025-12-08 23:23:50', '2025-12-08 23:23:50'),
(6, 'booking:read_own', 'عرض حجوزات المستخدم الخاصة', 'View user\'s own bookings', 'booking', '2025-12-08 23:23:50', '2025-12-08 23:23:50'),
(7, 'booking:read_all', 'عرض جميع الحجوزات في النظام', 'View all bookings in the system', 'booking', '2025-12-08 23:23:50', '2025-12-08 23:23:50'),
(8, 'booking:cancel', 'إلغاء الحجوزات', 'Cancel bookings', 'booking', '2025-12-08 23:23:50', '2025-12-08 23:23:50'),
(9, 'user:read_all', 'عرض قائمة جميع المستخدمين', 'View list of all users', 'user', '2025-12-08 23:23:50', '2025-12-08 23:23:50'),
(10, 'user:update_role', 'تعديل أدوار وصلاحيات المستخدمين', 'Update user roles and permissions', 'user', '2025-12-08 23:23:50', '2025-12-08 23:23:50'),
(11, 'admin:full_access', 'وصول كامل للوحة تحكم المشرف', 'Full access to admin dashboard', 'admin', '2025-12-08 23:23:50', '2025-12-08 23:23:50'),
(12, 'admin:manage_roles', 'إدارة الأدوار والصلاحيات', 'Manage roles and permissions', 'admin', '2025-12-08 23:23:50', '2025-12-08 23:23:50'),
(13, 'system:settings:manage', 'التحكم في إعدادات المنصة العامة', 'Manage platform-wide settings', 'system', '2025-12-13 02:05:38', '2025-12-13 02:05:38'),
(14, 'system:analytics:view', 'عرض لوحة تحكم تحليلية شاملة للنظام', 'View system-wide analytics dashboard', 'system', '2025-12-13 02:05:38', '2025-12-13 02:05:38'),
(15, 'system:roles:manage', 'إدارة أدوار النظام العامة (إنشاء/تعديل/حذف)', 'Manage global system roles', 'system_rbac', '2025-12-13 02:05:38', '2025-12-13 02:05:38'),
(16, 'system:users:assign_roles', 'تعيين أي دور (عام أو خاص) لأي مستخدم في النظام', 'Assign any role to any user in the system', 'system_rbac', '2025-12-13 02:05:38', '2025-12-13 02:05:38'),
(17, 'partners:review', 'مراجعة طلبات انضمام الشركاء الجدد والموافقة عليها أو رفضها', 'Review and approve/reject new partner applications', 'partners', '2025-12-13 02:05:38', '2025-12-13 02:05:38'),
(18, 'partners:manage', 'تعديل بيانات أي شريك (العمولة، الحالة، إلخ)', 'Edit any partner\'s profile (commission, status, etc.)', 'partners', '2025-12-13 02:05:38', '2025-12-13 02:05:38'),
(19, 'partners:suspend', 'تعليق أو حظر حساب شريك', 'Suspend or ban a partner account', 'partners', '2025-12-13 02:05:38', '2025-12-13 02:05:38'),
(20, 'partners:impersonate', 'تسجيل الدخول باسم الشريك لاستكشاف الأخطاء وإصلاحها', 'Log in as a partner for troubleshooting', 'partners', '2025-12-13 02:05:38', '2025-12-13 02:05:38'),
(21, 'trips:manage_any', 'تعديل أو إلغاء أي رحلة لأي شريك', 'Update or cancel any trip for any partner', 'trips_management', '2025-12-13 02:05:38', '2025-12-13 02:05:38'),
(22, 'bookings:manage_any', 'تعديل أو إلغاء أي حجز لأي مستخدم', 'Update or cancel any booking for any user', 'bookings_management', '2025-12-13 02:05:38', '2025-12-13 02:05:38'),
(23, 'buses:manage_any', 'تعديل بيانات حافلة لأي شريك', 'Update any bus data for any partner', 'buses_management', '2025-12-13 02:05:38', '2025-12-13 02:05:38'),
(24, 'settlements:manage', 'مراجعة وإدارة التسويات المالية مع الشركاء', 'Review and manage financial settlements with partners', 'financials', '2025-12-13 02:05:38', '2025-12-13 02:05:38'),
(25, 'transactions:read_all', 'عرض جميع المعاملات المالية في النظام', 'View all financial transactions in the system', 'financials', '2025-12-13 02:05:38', '2025-12-13 02:05:38'),
(26, 'reports:financial:generate', 'إنشاء تقارير مالية شاملة', 'Generate comprehensive financial reports', 'reports', '2025-12-13 02:05:38', '2025-12-13 02:05:38'),
(27, 'content:cities:manage', 'إدارة المدن والدول في النظام', 'Manage cities and countries in the system', 'content', '2025-12-13 02:05:38', '2025-12-13 02:05:38'),
(28, 'content:routes:manage', 'إدارة المسارات الرئيسية في النظام', 'Manage main routes in the system', 'content', '2025-12-13 02:05:38', '2025-12-13 02:05:38'),
(29, 'bus:create', 'إضافة حافلة جديدة إلى أسطول الشريك', 'Create a new bus for the partner\'s fleet', 'partner_fleet', '2025-12-13 02:05:38', '2025-12-13 02:05:38'),
(30, 'bus:read_own', 'عرض قائمة حافلات الشريك الخاصة', 'Read the partner\'s own list of buses', 'partner_fleet', '2025-12-13 02:05:38', '2025-12-13 02:05:38'),
(31, 'bus:update_own', 'تعديل بيانات حافلة يملكها الشريك', 'Update a bus owned by the partner', 'partner_fleet', '2025-12-13 02:05:38', '2025-12-13 02:05:38'),
(32, 'bus:delete_own', 'حذف حافلة يملكها الشريك', 'Delete a bus owned by the partner', 'partner_fleet', '2025-12-13 02:05:38', '2025-12-13 02:05:38'),
(33, 'driver:create', 'إضافة سائق جديد لفريق الشريك', 'Create a new driver for the partner\'s team', 'partner_team', '2025-12-13 02:05:38', '2025-12-13 02:05:38'),
(34, 'driver:read_own', 'عرض قائمة سائقي الشريك', 'Read the partner\'s own list of drivers', 'partner_team', '2025-12-13 02:05:38', '2025-12-13 02:05:38'),
(35, 'driver:update_own', 'تعديل بيانات سائق يعمل لدى الشريك', 'Update a driver working for the partner', 'partner_team', '2025-12-13 02:05:38', '2025-12-13 02:05:38'),
(36, 'driver:delete_own', 'حذف سائق من فريق الشريك', 'Delete a driver from the partner\'s team', 'partner_team', '2025-12-13 02:05:38', '2025-12-13 02:05:38'),
(37, 'trip:read_own', 'عرض جميع رحلات الشريك الخاصة', 'Read all of the partner\'s own trips', 'partner_operations', '2025-12-13 02:05:38', '2025-12-13 02:05:38'),
(38, 'trip:update_own', 'تعديل رحلة مجدولة خاصة بالشريك', 'Update a scheduled trip owned by the partner', 'partner_operations', '2025-12-13 02:05:38', '2025-12-13 02:05:38'),
(39, 'trip:cancel_own', 'إلغاء رحلة خاصة بالشريك', 'Cancel a trip owned by the partner', 'partner_operations', '2025-12-13 02:05:38', '2025-12-13 02:05:38'),
(40, 'schedule:manage_own', 'إدارة قوالب الرحلات المتكررة الخاصة بالشريك', 'Manage recurring trip schedules for the partner', 'partner_operations', '2025-12-13 02:05:38', '2025-12-13 02:05:38'),
(41, 'booking:read_own_trips', 'عرض جميع الحجوزات التي تمت على رحلات الشريك', 'Read all bookings on the partner\'s own trips', 'partner_operations', '2025-12-13 02:05:38', '2025-12-13 02:05:38'),
(42, 'passengers:read_own_trips', 'عرض قائمة الركاب لرحلات الشريك', 'Read passenger manifests for the partner\'s own trips', 'partner_operations', '2025-12-13 02:05:38', '2025-12-13 02:05:38'),
(43, 'partner:profile:update_own', 'تعديل معلومات ملف الشريك الخاص به', 'Update the partner\'s own company profile', 'partner_account', '2025-12-13 02:05:38', '2025-12-13 02:05:38'),
(44, 'partner:roles:manage', 'إدارة (إنشاء/تعديل) الأدوار المخصصة داخل نطاق الشريك', 'Manage custom roles within the partner\'s scope', 'partner_rbac', '2025-12-13 02:05:38', '2025-12-13 02:05:38'),
(45, 'partner:users:assign_roles', 'تعيين الأدوار المخصصة لمستخدمي الشريك', 'Assign custom roles to the partner\'s users', 'partner_rbac', '2025-12-13 02:05:38', '2025-12-13 02:05:38'),
(46, 'partner:employees:manage_own', 'إدارة (إضافة/حذف) موظفين من شركة الشريك', 'Manage (add/remove) employees from the partner\'s company', 'partner_account', '2025-12-13 02:05:38', '2025-12-13 02:05:38'),
(47, 'analytics:view_own', 'عرض لوحة تحكم تحليلية خاصة بالشريك', 'View the partner\'s own analytics dashboard', 'partner_reports', '2025-12-13 02:05:38', '2025-12-13 02:05:38'),
(48, 'settlements:read_own', 'عرض سجل التسويات المالية الخاصة بالشريك', 'Read the partner\'s own settlement history', 'partner_reports', '2025-12-13 02:05:38', '2025-12-13 02:05:38');

-- --------------------------------------------------------

--
-- بنية الجدول `roles`
--

CREATE TABLE `roles` (
  `id` int(10) UNSIGNED NOT NULL,
  `name` varchar(50) NOT NULL COMMENT 'اسم الدور الفريد (مثال: admin, partner, traveler)',
  `display_name_ar` varchar(100) DEFAULT NULL COMMENT 'اسم الدور للعرض باللغة العربية',
  `display_name_en` varchar(100) DEFAULT NULL COMMENT 'اسم الدور للعرض باللغة الإنجليزية',
  `description_ar` varchar(255) DEFAULT NULL COMMENT 'وصف الدور باللغة العربية',
  `description_en` varchar(255) DEFAULT NULL COMMENT 'وصف الدور باللغة الإنجليزية',
  `is_default` tinyint(1) NOT NULL DEFAULT 0 COMMENT 'هل هو دور افتراضي للمستخدمين الجدد؟',
  `partner_id` int(10) UNSIGNED DEFAULT NULL,
  `created_at` timestamp NOT NULL DEFAULT current_timestamp(),
  `updated_at` timestamp NOT NULL DEFAULT current_timestamp() ON UPDATE current_timestamp()
) ENGINE=InnoDB DEFAULT CHARSET=utf8mb4 COLLATE=utf8mb4_general_ci;

--
-- إرجاع أو استيراد بيانات الجدول `roles`
--

INSERT INTO `roles` (`id`, `name`, `display_name_ar`, `display_name_en`, `description_ar`, `description_en`, `is_default`, `partner_id`, `created_at`, `updated_at`) VALUES
(1, 'SUPERUSER', 'المشرف الأعلى', 'Super User', 'وصول كامل وغير مقيد لإدارة النظام والتحكم به.', 'Full and unrestricted access to system management and control.', 0, NULL, '2025-12-08 23:22:01', '2025-12-08 23:22:01'),
(2, 'TRAVELER', 'المسافر', 'Traveler', 'مستخدم عادي يمكنه الحجز وعرض رحلاته.', 'Regular user who can book and view their trips.', 1, NULL, '2025-12-08 23:22:01', '2025-12-08 23:22:01'),
(3, 'PARTNER_ADMIN', 'مدير الشريك', 'Partner Administrator', 'مسؤول عن إدارة جميع عمليات الشريك (رحلات، حافلات، سائقين).', 'Responsible for managing all partner operations (trips, buses, drivers).', 0, NULL, '2025-12-08 23:22:01', '2025-12-08 23:22:01'),
(4, 'DRIVER', 'السائق', 'Driver', 'مسؤول عن تحديث حالة الرحلات الخاصة به.', 'Responsible for updating their trip status.', 0, NULL, '2025-12-08 23:22:01', '2025-12-08 23:22:01'),
(5, 'AGENT', 'وكيل الحجز', 'Booking Agent', 'يمكنه إنشاء حجوزات للعملاء وعرض جميع الحجوزات.', 'Can create bookings for customers and view all bookings.', 0, NULL, '2025-12-08 23:22:01', '2025-12-08 23:22:01'),
(6, 'PARTNER_EMPLOYEE', 'موظف الشريك', 'Partner Employee', 'وصول محدود لإدارة عمليات الشريك (عرض الرحلات والحجوزات).', 'Limited access to manage partner operations (view trips and bookings).', 0, NULL, '2025-12-08 23:22:01', '2025-12-08 23:22:01'),
(7, 'CUSTOMER_SUPPORT', 'دعم العملاء', 'Customer Support', 'وصول لعرض بيانات المستخدمين والحجوزات لحل المشكلات.', 'Access to view user data and bookings for troubleshooting.', 0, NULL, '2025-12-08 23:22:01', '2025-12-08 23:22:01'),
(8, 'guest', 'زائر', 'Guest', 'مستخدم غير مسجل يمكنه تصفح الرحلات.', 'Unregistered user who can browse trips.', 1, NULL, '2025-12-08 23:33:01', '2025-12-08 23:33:01'),
(12, 'fleet_manager', 'مدير الأسطول', NULL, 'string', NULL, 0, 9, '2025-12-13 02:24:31', '2025-12-13 02:24:31');

-- --------------------------------------------------------

--
-- بنية الجدول `role_permissions`
--

CREATE TABLE `role_permissions` (
  `role_id` int(10) UNSIGNED NOT NULL,
  `permission_id` int(10) UNSIGNED NOT NULL,
  `created_at` timestamp NOT NULL DEFAULT current_timestamp()
) ENGINE=InnoDB DEFAULT CHARSET=utf8mb4 COLLATE=utf8mb4_general_ci;

--
-- إرجاع أو استيراد بيانات الجدول `role_permissions`
--

INSERT INTO `role_permissions` (`role_id`, `permission_id`, `created_at`) VALUES
(1, 1, '2025-12-08 23:24:09'),
(1, 2, '2025-12-08 23:24:09'),
(1, 3, '2025-12-08 23:24:09'),
(1, 4, '2025-12-08 23:24:09'),
(1, 5, '2025-12-08 23:24:09'),
(1, 6, '2025-12-08 23:24:09'),
(1, 7, '2025-12-08 23:24:09'),
(1, 8, '2025-12-08 23:24:09'),
(1, 9, '2025-12-08 23:24:09'),
(1, 10, '2025-12-08 23:24:09'),
(1, 11, '2025-12-08 23:24:09'),
(1, 12, '2025-12-08 23:24:09'),
(1, 13, '2025-12-13 02:06:48'),
(1, 14, '2025-12-13 02:06:48'),
(1, 15, '2025-12-13 02:06:48'),
(1, 16, '2025-12-13 02:06:48'),
(1, 17, '2025-12-13 02:06:48'),
(1, 18, '2025-12-13 02:06:48'),
(1, 19, '2025-12-13 02:06:48'),
(1, 20, '2025-12-13 02:06:48'),
(1, 21, '2025-12-13 02:06:48'),
(1, 22, '2025-12-13 02:06:48'),
(1, 23, '2025-12-13 02:06:48'),
(1, 24, '2025-12-13 02:06:48'),
(1, 25, '2025-12-13 02:06:48'),
(1, 26, '2025-12-13 02:06:48'),
(1, 27, '2025-12-13 02:06:48'),
(1, 28, '2025-12-13 02:06:48'),
(1, 29, '2025-12-13 02:06:48'),
(1, 30, '2025-12-13 02:06:48'),
(1, 31, '2025-12-13 02:06:48'),
(1, 32, '2025-12-13 02:06:48'),
(1, 33, '2025-12-13 02:06:48'),
(1, 34, '2025-12-13 02:06:48'),
(1, 35, '2025-12-13 02:06:48'),
(1, 36, '2025-12-13 02:06:48'),
(1, 37, '2025-12-13 02:06:48'),
(1, 38, '2025-12-13 02:06:48'),
(1, 39, '2025-12-13 02:06:48'),
(1, 40, '2025-12-13 02:06:48'),
(1, 41, '2025-12-13 02:06:48'),
(1, 42, '2025-12-13 02:06:48'),
(1, 43, '2025-12-13 02:06:48'),
(1, 44, '2025-12-13 02:06:48'),
(1, 45, '2025-12-13 02:06:48'),
(1, 46, '2025-12-13 02:06:48'),
(1, 47, '2025-12-13 02:06:48'),
(1, 48, '2025-12-13 02:06:48'),
(2, 5, '2025-12-08 23:24:09'),
(2, 6, '2025-12-08 23:24:09'),
(2, 8, '2025-12-08 23:24:09'),
(3, 1, '2025-12-08 23:24:09'),
(3, 2, '2025-12-08 23:24:09'),
(3, 3, '2025-12-08 23:24:09'),
(3, 4, '2025-12-08 23:24:09'),
(3, 7, '2025-12-08 23:24:09'),
(3, 29, '2025-12-13 02:07:49'),
(3, 30, '2025-12-13 02:07:49'),
(3, 31, '2025-12-13 02:07:49'),
(3, 32, '2025-12-13 02:07:49'),
(3, 33, '2025-12-13 02:07:49'),
(3, 34, '2025-12-13 02:07:49'),
(3, 35, '2025-12-13 02:07:49'),
(3, 36, '2025-12-13 02:07:49'),
(3, 37, '2025-12-13 02:07:49'),
(3, 38, '2025-12-13 02:07:49'),
(3, 39, '2025-12-13 02:07:49'),
(3, 40, '2025-12-13 02:07:49'),
(3, 41, '2025-12-13 02:07:49'),
(3, 42, '2025-12-13 02:07:49'),
(3, 43, '2025-12-13 02:07:49'),
(3, 44, '2025-12-13 02:07:49'),
(3, 45, '2025-12-13 02:07:49'),
(3, 46, '2025-12-13 02:07:49'),
(3, 47, '2025-12-13 02:07:49'),
(3, 48, '2025-12-13 02:07:49'),
(4, 2, '2025-12-08 23:24:09'),
(5, 5, '2025-12-08 23:24:09'),
(5, 7, '2025-12-08 23:24:09'),
(5, 8, '2025-12-08 23:24:09'),
(6, 1, '2025-12-12 23:56:19'),
(6, 2, '2025-12-08 23:24:09'),
(6, 7, '2025-12-08 23:24:09'),
(7, 7, '2025-12-08 23:24:09'),
(7, 9, '2025-12-08 23:24:09'),
(12, 1, '2025-12-13 02:24:31'),
(12, 3, '2025-12-13 02:24:31'),
(12, 4, '2025-12-13 02:24:31'),
(12, 47, '2026-01-04 21:40:40');

-- --------------------------------------------------------

--
-- بنية الجدول `routes`
--

CREATE TABLE `routes` (
  `route_id` int(10) UNSIGNED NOT NULL,
  `name` varchar(255) NOT NULL,
  `is_active` tinyint(1) NOT NULL DEFAULT 1
) ENGINE=InnoDB DEFAULT CHARSET=utf8mb4 COLLATE=utf8mb4_unicode_ci COMMENT='المسارات المجردة (الممرات)';

--
-- إرجاع أو استيراد بيانات الجدول `routes`
--

INSERT INTO `routes` (`route_id`, `name`, `is_active`) VALUES
(1, 'Riyadh - Dammam (Direct)', 1),
(2, 'تعز - عمان', 0),
(101, 'Riyadh - Dammam Direct', 1),
(102, 'Sana\'a - Aden via Taiz', 1),
(103, 'Sana\'a -> Taiz -> Aden', 1),
(104, 'Sana\'a -> Taiz -> Aden', 1),
(105, 'Sana\'a -> Taiz -> Aden', 1),
(106, 'Sana\'a -> Taiz -> Aden -> AlMaharah', 1),
(107, 'Sana\'a -> Taiz -> Aden -> AlMaharah', 1),
(108, 'Sana\'a -> Taiz -> Aden -> AlMaharah', 1),
(109, 're', 1),
(110, 'Riyadh-Dammam Express', 1),
(111, 'Riyadh - Taif - Jeddah (Correct)', 1),
(112, 'حجة الدمام', 1),
(113, 'string', 1),
(114, 'Adden - Addmam', 1),
(115, 'ابين - تعز', 1),
(116, 'ابين - تعز', 1),
(117, 'ابين - تعز', 1),
(118, 'ابين - تعز', 1),
(119, 'ابين - تعز', 1),
(120, 'تعز-الضالع', 1),
(121, 'مسار-تجريبي', 1),
(122, 'مسار-تجريبي', 1),
(123, 'تعز - مأرب', 1),
(124, 'الحيدري', 1),
(125, 'الرياض - جدة', 1);

-- --------------------------------------------------------

--
-- بنية الجدول `route_stops`
--

CREATE TABLE `route_stops` (
  `route_stop_id` int(10) UNSIGNED NOT NULL,
  `route_id` int(10) UNSIGNED NOT NULL,
  `city_id` int(10) UNSIGNED NOT NULL,
  `stop_order` tinyint(3) UNSIGNED NOT NULL,
  `arrival_minutes_from_start` int(10) UNSIGNED NOT NULL DEFAULT 0 COMMENT 'Estimated arrival time in minutes from the start of the route. The first stop is always 0.',
  `stop_duration_minutes` int(10) UNSIGNED NOT NULL DEFAULT 0 COMMENT 'Estimated stop duration in minutes at this stop.'
) ENGINE=InnoDB DEFAULT CHARSET=utf8mb4 COLLATE=utf8mb4_unicode_ci COMMENT='محطات وتوقفات المسارات';

--
-- إرجاع أو استيراد بيانات الجدول `route_stops`
--

INSERT INTO `route_stops` (`route_stop_id`, `route_id`, `city_id`, `stop_order`, `arrival_minutes_from_start`, `stop_duration_minutes`) VALUES
(6, 101, 1, 1, 0, 0),
(7, 101, 3, 2, 0, 0),
(8, 102, 6, 1, 0, 0),
(9, 102, 8, 2, 0, 0),
(10, 102, 7, 3, 0, 0),
(11, 104, 6, 1, 0, 0),
(12, 104, 8, 2, 0, 0),
(13, 104, 7, 3, 0, 0),
(14, 105, 6, 1, 0, 0),
(15, 105, 8, 2, 0, 0),
(16, 105, 7, 3, 0, 0),
(17, 106, 6, 1, 0, 0),
(18, 106, 8, 2, 0, 0),
(19, 106, 7, 3, 0, 0),
(20, 107, 6, 1, 0, 0),
(21, 107, 8, 2, 0, 0),
(22, 107, 7, 3, 0, 0),
(23, 108, 6, 1, 0, 0),
(24, 108, 8, 2, 0, 0),
(25, 108, 7, 3, 0, 0),
(26, 109, 1, 2, 0, 0),
(27, 110, 1, 1, 0, 10),
(28, 110, 3, 2, 240, 0),
(29, 111, 1, 1, 0, 15),
(30, 111, 2, 2, 480, 30),
(31, 111, 4, 3, 600, 0),
(32, 112, 1, 1, 0, 0),
(33, 112, 2, 2, 11, 2),
(34, 112, 3, 3, 15, 1),
(35, 113, 1, 1, 0, 0),
(36, 113, 1, 2, 20, 0),
(37, 114, 7, 1, 0, 120),
(38, 114, 3, 2, 130, 140),
(39, 115, 1, 1, 0, 20),
(40, 115, 2, 2, 21, 20),
(41, 116, 1, 1, 0, 20),
(42, 116, 2, 2, 21, 20),
(43, 117, 1, 1, 0, 20),
(44, 117, 2, 2, 21, 20),
(45, 118, 1, 1, 0, 20),
(46, 118, 2, 2, 21, 20),
(47, 119, 1, 1, 0, 20),
(48, 119, 2, 2, 21, 20),
(49, 120, 1, 1, 0, 20),
(50, 120, 2, 2, 21, 20),
(51, 121, 1, 1, 0, 10),
(52, 121, 2, 2, 11, 10),
(53, 122, 1, 1, 0, 10),
(54, 122, 2, 2, 11, 10),
(55, 123, 1, 1, 0, 20),
(56, 123, 2, 2, 21, 0),
(57, 124, 2, 1, 0, 20),
(58, 124, 6, 2, 21, 30),
(59, 125, 10, 1, 0, 20),
(60, 125, 8, 2, 21, 20);

-- --------------------------------------------------------

--
-- بنية الجدول `saved_passengers`
--

CREATE TABLE `saved_passengers` (
  `saved_passenger_id` int(10) UNSIGNED NOT NULL,
  `user_id` int(10) UNSIGNED NOT NULL,
  `full_name` varchar(100) NOT NULL,
  `gender_id` int(11) DEFAULT NULL,
  `nationality_id` int(11) DEFAULT NULL,
  `document_type_id` int(11) DEFAULT NULL,
  `document_number` varchar(50) DEFAULT NULL,
  `date_of_birth` date DEFAULT NULL,
  `relationship_id` int(11) DEFAULT NULL
) ENGINE=InnoDB DEFAULT CHARSET=utf8mb4 COLLATE=utf8mb4_unicode_ci COMMENT='بيانات المسافرين المحفوظة للمستخدم';

--
-- إرجاع أو استيراد بيانات الجدول `saved_passengers`
--

INSERT INTO `saved_passengers` (`saved_passenger_id`, `user_id`, `full_name`, `gender_id`, `nationality_id`, `document_type_id`, `document_number`, `date_of_birth`, `relationship_id`) VALUES
(1, 10, 'حسام الشحر', NULL, NULL, NULL, '465465dggf', '2025-11-22', NULL),
(2, 10, 'حمود سالم خالد', NULL, NULL, NULL, '465465dggf', '2025-11-22', NULL),
(4, 10, 'حسام الشحر', NULL, NULL, NULL, '465465dggf', '2025-11-22', NULL),
(6, 3, 'عمود منوز', NULL, NULL, NULL, '64gfhgf54', '2025-11-22', NULL),
(7, 10, 'عمود منوز معدل', NULL, NULL, NULL, '64gfhgf54', '2025-11-22', NULL),
(13, 3, 'حبوب', 2, 1, 1, 'tetetre34', '2025-11-24', 2),
(14, 3, 'حبوب', 2, 1, 1, 'tetetre34', '2025-11-24', 2),
(15, 3, 'حبوب', 2, 1, 1, 'tetetre34', '2025-11-24', 2),
(16, 3, 'حبوب', 2, 1, 1, 'tetetre34', '2025-11-24', 2),
(17, 3, 'حبوب', 2, 1, 1, 'tetetre34', '2025-11-24', 2),
(18, 3, 'حبوب', 2, 1, 1, 'tetetre34', '2025-11-24', 2),
(20, 3, 'حبوب', 2, 1, 1, 'tetetre34', '2025-11-24', 2);

-- --------------------------------------------------------

--
-- بنية الجدول `schedules`
--

CREATE TABLE `schedules` (
  `schedule_id` int(10) UNSIGNED NOT NULL,
  `partner_id` int(10) UNSIGNED NOT NULL,
  `route_id` int(10) UNSIGNED NOT NULL,
  `schedule_name` varchar(150) NOT NULL,
  `departure_time` time NOT NULL COMMENT 'وقت الانطلاق الثابت، مثال: 09:00:00',
  `duration_minutes` int(10) UNSIGNED NOT NULL COMMENT 'مدة الرحلة المتوقعة بالدقائق',
  `bus_class_required` varchar(50) DEFAULT NULL COMMENT 'فئة الحافلة المطلوبة، مثال: VIP. للمطابقة مع جدول الحافلات',
  `is_active` tinyint(1) NOT NULL DEFAULT 1,
  `created_at` timestamp NOT NULL DEFAULT current_timestamp(),
  `updated_at` timestamp NOT NULL DEFAULT current_timestamp() ON UPDATE current_timestamp()
) ENGINE=InnoDB DEFAULT CHARSET=utf8mb4 COLLATE=utf8mb4_unicode_ci COMMENT='قوالب الرحلات المتكررة';

--
-- إرجاع أو استيراد بيانات الجدول `schedules`
--

INSERT INTO `schedules` (`schedule_id`, `partner_id`, `route_id`, `schedule_name`, `departure_time`, `duration_minutes`, `bus_class_required`, `is_active`, `created_at`, `updated_at`) VALUES
(1, 9, 1, 'صنعاء - الرياض', '01:50:31', 60, 'VIP', 1, '2025-11-14 01:52:34', '2025-11-14 01:52:34'),
(2, 9, 1, 'صنعاء - الرياض', '01:50:31', 60, 'VIP', 1, '2025-11-14 04:04:49', '2025-11-14 04:04:49'),
(3, 9, 1, 'dddddd', '08:57:13', 120, 'vip', 1, '2025-11-14 08:57:48', '2025-11-14 08:57:48'),
(4, 9, 101, 'جدول رحلات تجريبي كل احد', '20:44:33', 150, 'Standart', 1, '2025-11-16 20:47:39', '2025-11-16 20:47:39'),
(5, 13, 1, 'pop2', '02:53:29', 0, 'vip', 1, '2025-11-17 02:53:55', '2025-11-17 02:53:55'),
(6, 9, 1, 'string', '15:03:24', 110, 'vip', 1, '2025-11-20 15:03:55', '2025-11-20 15:03:55'),
(7, 14, 2, 'رحلة توهاكي', '14:25:32', 10, 'رهح', 1, '2025-11-21 15:41:46', '2025-11-21 15:41:46'),
(8, 9, 101, 'string', '23:43:08', 0, 'string', 1, '2025-11-24 23:43:17', '2025-11-24 23:43:17');

-- --------------------------------------------------------

--
-- بنية الجدول `schedule_recurrence_rules`
--

CREATE TABLE `schedule_recurrence_rules` (
  `rule_id` int(10) UNSIGNED NOT NULL,
  `schedule_id` int(10) UNSIGNED NOT NULL,
  `recurrence_type` enum('Daily','Weekly') NOT NULL,
  `day_of_week` tinyint(3) UNSIGNED DEFAULT NULL COMMENT 'يستخدم فقط مع التكرار الأسبوعي (1=الأحد, 7=السبت)',
  `start_date` date NOT NULL,
  `end_date` date DEFAULT NULL
) ENGINE=InnoDB DEFAULT CHARSET=utf8mb4 COLLATE=utf8mb4_unicode_ci COMMENT='قواعد تكرار الرحلات المجدولة';

--
-- إرجاع أو استيراد بيانات الجدول `schedule_recurrence_rules`
--

INSERT INTO `schedule_recurrence_rules` (`rule_id`, `schedule_id`, `recurrence_type`, `day_of_week`, `start_date`, `end_date`) VALUES
(1, 1, '', 1, '2025-11-14', '2025-12-14'),
(2, 2, '', 2, '2025-11-14', '2025-12-14'),
(3, 3, '', 1, '2025-11-14', '2025-11-14'),
(4, 4, '', 1, '2025-11-16', '2025-11-30'),
(5, 5, '', 1, '2025-11-17', '2025-11-17'),
(6, 6, '', 1, '2025-11-20', '2025-11-20'),
(7, 7, '', 1, '2025-11-21', '2025-11-30'),
(8, 8, '', 0, '2025-11-24', '2025-11-24');

-- --------------------------------------------------------

--
-- بنية الجدول `seat_statuses`
--

CREATE TABLE `seat_statuses` (
  `status_id` int(11) NOT NULL,
  `name` varchar(50) NOT NULL
) ENGINE=InnoDB DEFAULT CHARSET=utf8mb4 COLLATE=utf8mb4_unicode_ci;

--
-- إرجاع أو استيراد بيانات الجدول `seat_statuses`
--

INSERT INTO `seat_statuses` (`status_id`, `name`) VALUES
(1, 'Available'),
(2, 'Booked'),
(3, 'Locked');

-- --------------------------------------------------------

--
-- بنية الجدول `ticket_statuses`
--

CREATE TABLE `ticket_statuses` (
  `status_id` int(11) NOT NULL,
  `name` varchar(50) NOT NULL
) ENGINE=InnoDB DEFAULT CHARSET=utf8mb4 COLLATE=utf8mb4_unicode_ci;

--
-- إرجاع أو استيراد بيانات الجدول `ticket_statuses`
--

INSERT INTO `ticket_statuses` (`status_id`, `name`) VALUES
(1, 'Active'),
(2, 'Cancelled'),
(3, 'CheckedIn'),
(4, 'NoShow');

-- --------------------------------------------------------

--
-- بنية الجدول `transactions`
--

CREATE TABLE `transactions` (
  `transaction_id` bigint(20) UNSIGNED NOT NULL,
  `booking_id` int(10) UNSIGNED DEFAULT NULL,
  `amount` decimal(10,2) NOT NULL,
  `type_id` int(11) NOT NULL,
  `payment_method` varchar(50) NOT NULL,
  `gateway_ref_id` varchar(255) DEFAULT NULL,
  `status_id` int(11) NOT NULL,
  `created_at` timestamp NOT NULL DEFAULT current_timestamp()
) ENGINE=InnoDB DEFAULT CHARSET=utf8mb4 COLLATE=utf8mb4_unicode_ci COMMENT='سجل المعاملات المالية';

--
-- إرجاع أو استيراد بيانات الجدول `transactions`
--

INSERT INTO `transactions` (`transaction_id`, `booking_id`, `amount`, `type_id`, `payment_method`, `gateway_ref_id`, `status_id`, `created_at`) VALUES
(1, 8, 10.00, 2, 'System Credit', NULL, 2, '2025-11-21 21:04:21'),
(2, 9, 10.00, 2, 'System Credit', NULL, 2, '2025-11-21 21:45:26'),
(3, 10, 10.00, 2, 'System Credit', NULL, 2, '2025-11-21 21:49:08'),
(4, 11, 10.00, 2, 'System Credit', NULL, 2, '2025-11-21 21:58:06'),
(5, 12, 10.00, 2, 'System Credit', NULL, 2, '2025-11-21 22:05:26'),
(6, 13, 10.00, 2, 'System Credit', NULL, 2, '2025-11-21 22:15:22'),
(7, 14, 10.00, 2, 'System Credit', NULL, 2, '2025-11-21 22:19:11'),
(8, 15, 10.00, 2, 'System Credit', NULL, 2, '2025-11-21 22:26:55'),
(9, 16, 10.00, 2, 'System Credit', NULL, 2, '2025-11-21 22:27:58'),
(10, 17, 10.00, 2, 'System Credit', NULL, 2, '2025-11-21 22:29:29'),
(11, 18, 10.00, 2, 'System Credit', NULL, 2, '2025-11-21 22:33:11'),
(12, 19, 10.00, 2, 'System Credit', NULL, 2, '2025-11-21 22:47:53'),
(13, 20, 10.00, 2, 'System Credit', NULL, 2, '2025-11-21 23:32:30'),
(14, 21, 10.00, 2, 'System Credit', NULL, 2, '2025-11-21 23:35:05'),
(16, 22, 100.00, 2, 'System Credit', NULL, 2, '2025-11-21 23:54:16'),
(17, 23, 10.00, 2, 'System Credit', NULL, 2, '2025-11-22 20:54:40'),
(18, 7, 10.00, 2, 'System Credit', NULL, 2, '2025-11-24 15:45:44');

-- --------------------------------------------------------

--
-- بنية الجدول `transaction_statuses`
--

CREATE TABLE `transaction_statuses` (
  `status_id` int(11) NOT NULL,
  `name` varchar(50) NOT NULL
) ENGINE=InnoDB DEFAULT CHARSET=utf8mb4 COLLATE=utf8mb4_unicode_ci COMMENT='حالات المعاملات المالية';

--
-- إرجاع أو استيراد بيانات الجدول `transaction_statuses`
--

INSERT INTO `transaction_statuses` (`status_id`, `name`) VALUES
(2, 'Completed'),
(3, 'Failed'),
(1, 'Pending');

-- --------------------------------------------------------

--
-- بنية الجدول `transaction_types`
--

CREATE TABLE `transaction_types` (
  `type_id` int(11) NOT NULL,
  `name` varchar(50) NOT NULL
) ENGINE=InnoDB DEFAULT CHARSET=utf8mb4 COLLATE=utf8mb4_unicode_ci COMMENT='أنواع المعاملات المالية';

--
-- إرجاع أو استيراد بيانات الجدول `transaction_types`
--

INSERT INTO `transaction_types` (`type_id`, `name`) VALUES
(1, 'PAYMENT'),
(2, 'REFUND');

-- --------------------------------------------------------

--
-- بنية الجدول `trips`
--

CREATE TABLE `trips` (
  `trip_id` int(10) UNSIGNED NOT NULL,
  `schedule_id` int(10) UNSIGNED DEFAULT NULL COMMENT 'معرّف القالب الذي تم إنشاء الرحلة منه (إن وجد)',
  `partner_id` int(10) UNSIGNED NOT NULL,
  `bus_id` int(10) UNSIGNED DEFAULT NULL COMMENT 'الحافلة المعينة. تكون NULL في البداية للرحلات المجدولة',
  `route_id` int(10) UNSIGNED NOT NULL,
  `cancellation_policy_id` int(10) UNSIGNED DEFAULT NULL COMMENT 'سياسة الإلغاء. يتم تعيينها مع الحافلة',
  `departure_time` datetime NOT NULL,
  `arrival_time` datetime NOT NULL,
  `status_id` int(11) NOT NULL,
  `created_at` timestamp NOT NULL DEFAULT current_timestamp(),
  `updated_at` timestamp NOT NULL DEFAULT current_timestamp() ON UPDATE current_timestamp()
) ENGINE=InnoDB DEFAULT CHARSET=utf8mb4 COLLATE=utf8mb4_unicode_ci COMMENT='الجدول الرئيسي للرحلات. يخزن كل رحلة فريدة، سواء تم إنشاؤها يدويًا أو عبر جدول زمني.';

--
-- إرجاع أو استيراد بيانات الجدول `trips`
--

INSERT INTO `trips` (`trip_id`, `schedule_id`, `partner_id`, `bus_id`, `route_id`, `cancellation_policy_id`, `departure_time`, `arrival_time`, `status_id`, `created_at`, `updated_at`) VALUES
(201, NULL, 9, 1, 101, NULL, '2025-11-14 09:00:00', '2025-11-14 13:00:00', 2, '2025-11-14 06:29:28', '2025-11-14 06:29:28'),
(202, NULL, 9, 2, 102, NULL, '2025-11-14 10:00:00', '2025-11-14 18:00:00', 2, '2025-11-14 06:29:28', '2025-11-14 06:29:28'),
(203, NULL, 9, 1, 102, NULL, '2025-11-14 22:00:00', '2025-11-15 06:00:00', 2, '2025-11-14 06:29:28', '2025-11-14 06:29:28'),
(204, NULL, 9, NULL, 101, NULL, '2025-11-14 15:00:00', '2025-11-14 19:00:00', 1, '2025-11-14 06:29:28', '2025-11-14 06:29:28'),
(227, NULL, 9, 2, 102, NULL, '2025-11-18 10:00:00', '2025-11-18 18:00:00', 2, '2025-11-14 08:49:29', '2025-11-14 08:49:29'),
(228, NULL, 9, 2, 102, NULL, '2025-11-18 10:00:00', '2025-11-18 18:00:00', 2, '2025-11-14 08:52:32', '2025-11-14 08:52:32'),
(229, NULL, 9, 2, 102, NULL, '2025-11-18 10:00:00', '2025-11-18 18:00:00', 2, '2025-11-14 08:53:55', '2025-11-14 08:53:55'),
(230, NULL, 9, 2, 102, NULL, '2025-11-18 10:00:00', '2025-11-18 18:00:00', 2, '2025-11-14 08:56:35', '2025-11-14 08:56:35'),
(231, NULL, 9, 1, 1, NULL, '2025-11-16 20:26:38', '2025-11-16 20:26:38', 2, '2025-11-16 20:36:55', '2025-11-16 20:36:55'),
(232, NULL, 9, 1, 1, NULL, '2025-11-16 20:26:38', '2025-11-16 20:26:38', 2, '2025-11-16 20:41:45', '2025-11-16 20:41:45'),
(233, NULL, 9, 1, 1, NULL, '2025-11-16 20:26:38', '2025-11-16 20:26:38', 2, '2025-11-16 20:42:21', '2025-11-16 20:42:21'),
(234, NULL, 9, 1, 101, NULL, '2025-11-18 10:00:00', '2025-11-18 15:30:00', 2, '2025-11-17 01:35:01', '2025-11-17 01:35:01'),
(235, NULL, 9, 1, 101, NULL, '2025-11-18 10:00:00', '2025-11-18 15:30:00', 2, '2025-11-17 01:38:27', '2025-11-17 01:38:27'),
(236, NULL, 9, 1, 101, NULL, '2025-11-18 10:00:00', '2025-11-18 15:30:00', 2, '2025-11-17 01:45:56', '2025-11-17 01:45:56'),
(237, NULL, 9, 1, 101, NULL, '2025-11-18 10:00:00', '2025-11-18 15:30:00', 2, '2025-11-17 01:46:44', '2025-11-17 01:46:44'),
(238, NULL, 9, 1, 101, NULL, '2025-11-18 10:00:00', '2025-11-18 15:30:00', 2, '2025-11-17 01:59:54', '2025-11-17 01:59:54'),
(239, NULL, 13, 16, 101, NULL, '2025-11-18 10:00:00', '2025-11-18 15:30:00', 2, '2025-11-17 02:54:32', '2025-11-17 02:54:32'),
(240, NULL, 13, 16, 101, NULL, '2025-11-18 10:00:00', '2025-11-18 15:30:00', 2, '2025-11-17 02:57:14', '2025-11-17 02:57:14'),
(241, NULL, 9, 1, 102, NULL, '2025-12-19 16:09:16', '2025-12-29 16:09:16', 2, '2025-11-19 16:11:15', '2025-12-03 21:37:41'),
(242, NULL, 9, 1, 111, NULL, '2025-11-19 18:36:10', '2025-11-20 04:36:10', 2, '2025-11-19 18:39:17', '2025-11-19 18:39:17'),
(243, NULL, 9, 1, 111, NULL, '2025-11-19 18:36:10', '2025-11-20 04:36:10', 2, '2025-11-19 18:39:45', '2025-11-19 18:39:45'),
(244, NULL, 9, 1, 111, NULL, '2025-11-19 18:36:10', '2025-11-20 04:36:10', 2, '2025-11-19 18:55:48', '2025-11-19 18:55:48'),
(245, NULL, 9, 1, 110, NULL, '2025-11-19 18:36:10', '2025-11-19 22:36:10', 2, '2025-11-19 19:01:45', '2025-11-19 19:01:45'),
(246, NULL, 9, 17, 111, NULL, '2025-11-19 19:18:13', '2025-11-20 19:18:13', 2, '2025-11-19 19:21:26', '2025-11-19 19:21:26'),
(247, NULL, 9, 17, 111, NULL, '2025-11-19 19:18:13', '2025-11-20 05:18:13', 2, '2025-11-19 19:22:14', '2025-11-19 19:22:14'),
(248, NULL, 9, 17, 111, NULL, '2025-11-19 19:18:13', '2025-11-20 05:18:13', 2, '2025-11-19 19:23:34', '2025-11-19 19:23:34'),
(249, NULL, 9, 1, 1, NULL, '2025-11-19 22:40:24', '2025-11-20 22:40:24', 2, '2025-11-19 22:42:25', '2025-11-19 22:42:25'),
(250, NULL, 9, 1, 1, NULL, '2025-11-19 22:40:24', '2025-11-20 22:40:24', 2, '2025-11-19 22:46:37', '2025-11-19 22:46:37'),
(251, NULL, 9, 18, 101, 3, '2025-11-20 15:04:07', '2025-11-30 15:04:07', 2, '2025-11-20 15:06:58', '2025-11-21 18:19:42'),
(252, NULL, 14, 19, 101, NULL, '2025-11-21 15:42:04', '2025-11-22 15:42:04', 2, '2025-11-21 15:45:39', '2025-11-21 15:45:39'),
(253, NULL, 9, 1, 108, 3, '2025-11-21 19:13:01', '2025-11-21 19:13:01', 2, '2025-11-21 18:14:38', '2025-11-21 18:14:38'),
(254, NULL, 9, 17, 101, 3, '2025-11-21 19:14:41', '2025-12-21 19:14:41', 2, '2025-11-21 19:17:43', '2025-11-21 19:17:43'),
(255, NULL, 9, 20, 101, 3, '2025-11-21 19:14:41', '2025-12-21 19:14:41', 2, '2025-11-21 19:32:55', '2025-11-21 19:32:55'),
(256, NULL, 9, 22, 101, 3, '2025-11-21 19:14:41', '2025-12-21 19:14:41', 2, '2025-11-21 20:23:42', '2025-11-21 20:23:42'),
(257, NULL, 9, 21, 101, 3, '2025-11-21 19:14:41', '2025-12-21 19:14:41', 2, '2025-11-21 20:27:19', '2025-11-21 20:27:19'),
(258, NULL, 9, 21, 101, 3, '2026-11-21 19:14:41', '2026-12-21 19:14:41', 2, '2025-11-21 20:38:26', '2025-11-21 20:38:26'),
(259, NULL, 9, 21, 101, 3, '2026-01-21 19:14:41', '2026-02-21 19:14:41', 2, '2025-11-21 23:50:51', '2025-11-21 23:50:51'),
(260, NULL, 9, 1, 101, 2, '2026-11-24 21:36:15', '2026-11-24 21:36:15', 2, '2025-11-24 21:38:48', '2025-11-24 21:38:48'),
(261, NULL, 9, 1, 114, 1, '2026-11-26 19:06:07', '2026-11-26 21:16:07', 2, '2025-11-26 19:11:40', '2025-11-26 19:11:40'),
(262, NULL, 9, 22, 102, 1, '2026-12-05 00:40:50', '2026-12-05 00:40:50', 2, '2025-12-05 00:47:57', '2025-12-05 00:47:57'),
(263, NULL, 9, 22, 102, 1, '2027-12-05 00:40:50', '2027-12-05 00:40:50', 2, '2025-12-05 01:29:35', '2025-12-05 01:29:35'),
(264, NULL, 9, 22, 102, 1, '2028-12-05 00:40:50', '2028-12-05 00:40:50', 2, '2025-12-05 01:30:15', '2025-12-05 01:30:15'),
(265, NULL, 9, 22, 102, 1, '2029-12-05 00:40:50', '2029-12-05 00:40:50', 2, '2025-12-05 20:13:33', '2025-12-05 20:13:33'),
(266, NULL, 9, 22, 102, 1, '2030-12-05 00:40:50', '2030-12-05 00:40:50', 2, '2025-12-05 20:15:24', '2025-12-05 20:15:24'),
(267, NULL, 9, 22, 102, 1, '2030-12-05 00:40:50', '2030-12-05 00:40:50', 2, '2025-12-05 20:15:24', '2025-12-05 20:15:24'),
(268, NULL, 9, 22, 102, 1, '2031-12-05 00:40:50', '2031-12-05 00:40:50', 2, '2025-12-05 20:20:33', '2025-12-05 20:20:33'),
(269, NULL, 9, 22, 102, 1, '2032-12-05 00:40:50', '2032-12-05 00:40:50', 2, '2025-12-05 20:21:37', '2025-12-05 20:21:37'),
(270, NULL, 9, 22, 102, 1, '2032-12-05 00:40:50', '2032-12-05 00:40:50', 2, '2025-12-05 20:23:59', '2025-12-05 20:23:59'),
(271, NULL, 9, 22, 102, 1, '2033-12-05 00:40:50', '2033-12-05 00:40:50', 2, '2025-12-05 20:25:28', '2025-12-05 20:25:28'),
(272, NULL, 9, 22, 102, 1, '2034-12-05 00:40:50', '2034-12-05 00:40:50', 2, '2025-12-05 20:53:04', '2025-12-05 20:53:04'),
(273, NULL, 9, 22, 102, 1, '2035-12-05 00:40:50', '2035-12-05 00:40:50', 2, '2025-12-05 21:00:06', '2025-12-05 21:00:06'),
(274, NULL, 9, 22, 102, 1, '2036-12-05 00:40:50', '2036-12-05 00:40:50', 2, '2025-12-05 21:01:57', '2025-12-05 21:01:57'),
(275, NULL, 9, 22, 102, 1, '2036-12-05 00:40:50', '2036-12-05 00:40:50', 2, '2025-12-05 21:03:46', '2025-12-05 21:03:46'),
(276, NULL, 9, 22, 102, 1, '2036-12-05 00:40:50', '2036-12-05 00:40:50', 2, '2025-12-05 21:05:37', '2025-12-05 21:05:37'),
(277, NULL, 9, 22, 102, 1, '2036-12-05 00:40:50', '2036-12-05 00:40:50', 2, '2025-12-05 21:08:01', '2025-12-05 21:08:01'),
(278, NULL, 9, 22, 102, 1, '2036-12-05 00:40:50', '2036-12-05 00:40:50', 2, '2025-12-05 21:21:08', '2025-12-05 21:21:08'),
(279, NULL, 9, 22, 102, 1, '2036-12-05 00:40:50', '2036-12-05 00:40:50', 2, '2025-12-05 22:09:20', '2025-12-05 22:09:20'),
(280, NULL, 9, 22, 102, 1, '2036-12-05 00:40:50', '2036-12-05 00:40:50', 2, '2025-12-05 22:11:04', '2025-12-05 22:11:04'),
(281, NULL, 9, 22, 102, 1, '2036-12-05 00:40:50', '2036-12-05 00:40:50', 2, '2025-12-05 22:11:10', '2025-12-05 22:11:10'),
(282, NULL, 9, 22, 102, 1, '2036-12-05 00:40:50', '2036-12-05 00:40:50', 2, '2025-12-05 22:18:13', '2025-12-05 22:18:13'),
(283, NULL, 9, 22, 102, 1, '2036-12-05 00:40:50', '2036-12-05 00:40:50', 2, '2025-12-05 22:30:32', '2025-12-05 22:30:32'),
(284, NULL, 9, 22, 102, 1, '2036-12-05 00:40:50', '2036-12-05 00:40:50', 2, '2025-12-05 22:32:01', '2025-12-05 22:32:01'),
(285, NULL, 9, 22, 102, 1, '2036-12-05 00:40:50', '2036-12-05 00:40:50', 2, '2025-12-05 22:40:35', '2025-12-05 22:40:35'),
(286, NULL, 9, 22, 102, 1, '2036-12-05 00:40:50', '2036-12-05 00:40:50', 2, '2025-12-05 22:41:49', '2025-12-05 22:41:49'),
(287, NULL, 9, 22, 102, 1, '2036-12-05 00:40:50', '2036-12-05 00:40:50', 2, '2025-12-05 22:43:17', '2025-12-05 22:43:17'),
(288, NULL, 9, 22, 102, 1, '2026-12-05 00:40:50', '2026-12-05 00:40:50', 2, '2025-12-05 22:43:44', '2025-12-05 22:43:44'),
(289, NULL, 9, 22, 102, 1, '2026-12-05 00:40:50', '2026-12-05 00:40:50', 2, '2025-12-05 22:53:55', '2025-12-05 22:53:55'),
(290, NULL, 9, 22, 102, 1, '2026-12-05 00:40:50', '2026-12-05 00:40:50', 2, '2025-12-05 22:56:11', '2025-12-05 22:56:11'),
(291, NULL, 9, 22, 102, 1, '2026-12-05 00:40:50', '2026-12-05 00:40:50', 2, '2025-12-05 22:56:28', '2025-12-05 22:56:28'),
(292, NULL, 9, 22, 102, 1, '2026-12-05 00:40:50', '2026-12-06 00:40:50', 2, '2025-12-05 22:57:39', '2025-12-05 22:57:39'),
(293, NULL, 9, 22, 102, 1, '2026-12-06 00:40:50', '2026-12-06 00:40:50', 2, '2025-12-05 23:02:59', '2025-12-05 23:02:59'),
(294, NULL, 9, 22, 102, 1, '2026-12-06 00:40:50', '2026-12-06 00:40:50', 2, '2025-12-05 23:03:03', '2025-12-05 23:03:03'),
(295, NULL, 9, 22, 101, 1, '2026-12-06 00:40:50', '2026-12-06 00:40:50', 2, '2025-12-05 23:04:14', '2025-12-05 23:04:14'),
(296, NULL, 9, 22, 101, 1, '2026-12-06 00:40:50', '2026-12-06 00:40:50', 2, '2025-12-05 23:04:39', '2025-12-05 23:04:39'),
(297, NULL, 9, 22, 111, 1, '2026-12-06 00:40:50', '2026-12-06 10:40:50', 2, '2025-12-05 23:09:59', '2025-12-05 23:09:59'),
(298, NULL, 9, 22, 112, 1, '2026-12-07 00:40:50', '2026-12-07 00:55:50', 2, '2025-12-05 23:10:55', '2025-12-05 23:10:55'),
(299, NULL, 9, 22, 112, 1, '2026-12-07 02:40:50', '2026-12-07 02:55:50', 2, '2025-12-05 23:11:39', '2025-12-05 23:11:39'),
(300, NULL, 9, 22, 112, 1, '2027-12-07 02:40:50', '2027-12-07 02:55:50', 2, '2025-12-05 23:12:40', '2025-12-05 23:12:40'),
(301, NULL, 9, 22, 102, 1, '2029-12-09 02:33:30', '2029-12-09 02:33:30', 2, '2025-12-09 02:34:52', '2025-12-09 02:34:52'),
(302, NULL, 9, 22, 102, 1, '2029-12-09 02:33:30', '2029-12-09 02:33:30', 2, '2025-12-09 02:35:07', '2025-12-09 02:35:07'),
(303, NULL, 9, 22, 102, 1, '2029-12-09 02:33:30', '2029-12-09 02:33:30', 2, '2025-12-09 02:47:43', '2025-12-09 02:47:43'),
(304, NULL, 9, 22, 101, 1, '2026-12-10 22:43:45', '2026-12-10 22:43:45', 2, '2025-12-10 22:44:50', '2025-12-10 22:44:50'),
(305, NULL, 9, 21, 104, 1, '2030-02-13 00:06:59', '2030-02-13 00:06:59', 2, '2025-12-13 00:49:40', '2025-12-13 00:49:40'),
(306, NULL, 9, 21, 104, 1, '2030-02-13 00:06:59', '2030-02-13 00:06:59', 2, '2025-12-13 00:52:27', '2025-12-13 00:52:27'),
(307, NULL, 9, 1, 104, 1, '2025-12-16 19:36:41', '2025-12-16 19:36:41', 2, '2025-12-16 19:38:05', '2025-12-16 19:38:05'),
(308, NULL, 9, 1, 104, 1, '2025-12-16 19:36:41', '2025-12-16 19:36:41', 2, '2025-12-16 19:45:21', '2025-12-16 19:45:21'),
(309, NULL, 9, 28, 110, 1, '2026-01-10 21:11:52', '2026-01-11 01:11:52', 2, '2026-01-07 21:21:35', '2026-01-07 21:21:35');

-- --------------------------------------------------------

--
-- بنية الجدول `trip_drivers`
--

CREATE TABLE `trip_drivers` (
  `trip_driver_id` int(10) UNSIGNED NOT NULL,
  `trip_id` int(10) UNSIGNED NOT NULL,
  `driver_id` int(10) UNSIGNED NOT NULL,
  `role_id` int(11) NOT NULL DEFAULT 1
) ENGINE=InnoDB DEFAULT CHARSET=utf8mb4 COLLATE=utf8mb4_unicode_ci COMMENT='جدول تعيين السائقين للرحلات';

--
-- إرجاع أو استيراد بيانات الجدول `trip_drivers`
--

INSERT INTO `trip_drivers` (`trip_driver_id`, `trip_id`, `driver_id`, `role_id`) VALUES
(1, 251, 8, 1),
(2, 252, 10, 1),
(3, 254, 6, 1),
(4, 255, 11, 1),
(5, 256, 12, 1),
(6, 257, 13, 1),
(7, 258, 13, 1),
(8, 259, 13, 1),
(9, 260, 12, 1),
(10, 261, 1, 1),
(11, 262, 1, 1),
(12, 263, 1, 1),
(13, 264, 1, 1),
(14, 265, 1, 1),
(15, 266, 1, 1),
(16, 267, 1, 1),
(17, 268, 1, 1),
(18, 269, 1, 1),
(19, 270, 1, 1),
(20, 271, 1, 1),
(21, 272, 1, 1),
(22, 273, 1, 1),
(23, 274, 1, 1),
(24, 275, 1, 1),
(25, 276, 1, 1),
(26, 277, 1, 1),
(27, 278, 1, 1),
(28, 279, 1, 1),
(29, 280, 1, 1),
(30, 281, 1, 1),
(31, 282, 1, 1),
(32, 283, 1, 1),
(33, 284, 1, 1),
(34, 285, 1, 1),
(35, 286, 1, 1),
(36, 287, 1, 1),
(37, 288, 1, 1),
(38, 289, 1, 1),
(39, 290, 1, 1),
(40, 291, 1, 1),
(41, 292, 1, 1),
(42, 293, 1, 1),
(43, 294, 1, 1),
(44, 295, 1, 1),
(45, 296, 1, 1),
(46, 297, 1, 1),
(47, 298, 1, 1),
(48, 299, 1, 1),
(49, 300, 1, 1),
(50, 301, 1, 1),
(51, 302, 1, 1),
(52, 303, 1, 1),
(53, 304, 1, 1),
(54, 305, 1, 1),
(55, 306, 1, 1),
(56, 307, 1, 1),
(57, 308, 1, 1),
(58, 309, 1, 1);

-- --------------------------------------------------------

--
-- بنية الجدول `trip_seats`
--

CREATE TABLE `trip_seats` (
  `seat_id` bigint(20) UNSIGNED NOT NULL,
  `bus_layout_seat_id` int(11) NOT NULL,
  `trip_id` int(10) UNSIGNED NOT NULL,
  `fare_id` int(10) UNSIGNED NOT NULL,
  `seat_number` varchar(10) NOT NULL,
  `deck` int(2) NOT NULL DEFAULT 1 COMMENT 'حقل رقم الطابق ينسخ من جدول bus_layout_seats الهدف منه تبسيط استعلام تفاصيل الرحلة لتتم بشكل أسرع   بدل عمل join مع جدول bus_layout_seats من اجل اخذ رقم الطابق فقط.',
  `status_id` int(11) NOT NULL DEFAULT 1
) ENGINE=InnoDB DEFAULT CHARSET=utf8mb4 COLLATE=utf8mb4_unicode_ci COMMENT='مقاعد الرحلات (المخزون الفعلي)';

--
-- إرجاع أو استيراد بيانات الجدول `trip_seats`
--

INSERT INTO `trip_seats` (`seat_id`, `bus_layout_seat_id`, `trip_id`, `fare_id`, `seat_number`, `deck`, `status_id`) VALUES
(1, 1, 201, 1, 'A1', 1, 1),
(2, 1, 201, 1, 'A2', 1, 1),
(3, 1, 201, 1, 'A3', 1, 1),
(4, 1, 201, 1, 'A4', 1, 1),
(17, 1, 227, 42, 'R1S1', 1, 1),
(18, 1, 227, 42, 'R1S2', 1, 1),
(19, 1, 227, 42, 'R1S3', 1, 1),
(20, 1, 227, 42, 'R1S4', 1, 1),
(21, 1, 227, 42, 'R2S1', 1, 1),
(22, 1, 227, 42, 'R2S2', 1, 1),
(23, 1, 227, 42, 'R2S3', 1, 1),
(24, 1, 227, 42, 'R2S4', 1, 1),
(25, 1, 227, 43, 'R3S1', 1, 1),
(26, 1, 227, 43, 'R3S2', 1, 1),
(27, 1, 227, 43, 'R3S3', 1, 1),
(28, 1, 227, 43, 'R3S4', 1, 1),
(29, 1, 227, 43, 'R4S1', 1, 1),
(30, 1, 227, 43, 'R4S2', 1, 1),
(31, 1, 227, 43, 'R4S3', 1, 1),
(32, 1, 227, 43, 'R4S4', 1, 1),
(33, 1, 227, 43, 'R5S1', 1, 1),
(34, 1, 227, 43, 'R5S2', 1, 1),
(35, 1, 227, 43, 'R5S3', 1, 1),
(36, 1, 227, 43, 'R5S4', 1, 1),
(37, 1, 227, 43, 'R6S1', 1, 1),
(38, 1, 227, 43, 'R6S2', 1, 1),
(39, 1, 227, 43, 'R6S3', 1, 1),
(40, 1, 227, 43, 'R6S4', 1, 1),
(41, 1, 227, 43, 'R7S1', 1, 1),
(42, 1, 227, 43, 'R7S2', 1, 1),
(43, 1, 227, 43, 'R7S3', 1, 1),
(44, 1, 227, 43, 'R7S4', 1, 1),
(45, 1, 227, 43, 'R8S1', 1, 1),
(46, 1, 227, 43, 'R8S2', 1, 1),
(47, 1, 227, 43, 'R8S3', 1, 1),
(48, 1, 227, 43, 'R8S4', 1, 1),
(49, 1, 227, 43, 'R9S1', 1, 1),
(50, 1, 227, 43, 'R9S2', 1, 1),
(51, 1, 227, 43, 'R9S3', 1, 1),
(52, 1, 227, 43, 'R9S4', 1, 1),
(53, 1, 227, 43, 'R10S1', 1, 1),
(54, 1, 227, 43, 'R10S2', 1, 1),
(55, 1, 227, 43, 'R10S3', 1, 1),
(56, 1, 227, 43, 'R10S4', 1, 1),
(57, 1, 227, 43, 'R11S1', 1, 1),
(58, 1, 227, 43, 'R11S2', 1, 1),
(59, 1, 227, 43, 'R11S3', 1, 1),
(60, 1, 227, 43, 'R11S4', 1, 1),
(61, 1, 227, 43, 'R12S1', 1, 1),
(62, 1, 227, 43, 'R12S2', 1, 1),
(63, 1, 227, 43, 'R12S3', 1, 1),
(64, 1, 227, 43, 'R12S4', 1, 1),
(65, 1, 227, 43, 'R13S1', 1, 1),
(66, 1, 227, 43, 'R13S2', 1, 1),
(67, 1, 228, 44, 'R1S1', 1, 1),
(68, 1, 228, 44, 'R1S2', 1, 1),
(69, 1, 228, 44, 'R1S3', 1, 1),
(70, 1, 228, 44, 'R1S4', 1, 1),
(71, 1, 228, 44, 'R2S1', 1, 1),
(72, 1, 228, 44, 'R2S2', 1, 1),
(73, 1, 228, 44, 'R2S3', 1, 1),
(74, 1, 228, 44, 'R2S4', 1, 1),
(75, 1, 228, 45, 'R3S1', 1, 1),
(76, 1, 228, 45, 'R3S2', 1, 1),
(77, 1, 228, 45, 'R3S3', 1, 1),
(78, 1, 228, 45, 'R3S4', 1, 1),
(79, 1, 228, 45, 'R4S1', 1, 1),
(80, 1, 228, 45, 'R4S2', 1, 1),
(81, 1, 228, 45, 'R4S3', 1, 1),
(82, 1, 228, 45, 'R4S4', 1, 1),
(83, 1, 228, 45, 'R5S1', 1, 1),
(84, 1, 228, 45, 'R5S2', 1, 1),
(85, 1, 228, 45, 'R5S3', 1, 1),
(86, 1, 228, 45, 'R5S4', 1, 1),
(87, 1, 228, 45, 'R6S1', 1, 1),
(88, 1, 228, 45, 'R6S2', 1, 1),
(89, 1, 228, 45, 'R6S3', 1, 1),
(90, 1, 228, 45, 'R6S4', 1, 1),
(91, 1, 228, 45, 'R7S1', 1, 1),
(92, 1, 228, 45, 'R7S2', 1, 1),
(93, 1, 228, 45, 'R7S3', 1, 1),
(94, 1, 228, 45, 'R7S4', 1, 1),
(95, 1, 228, 45, 'R8S1', 1, 1),
(96, 1, 228, 45, 'R8S2', 1, 1),
(97, 1, 228, 45, 'R8S3', 1, 1),
(98, 1, 228, 45, 'R8S4', 1, 1),
(99, 1, 228, 45, 'R9S1', 1, 1),
(100, 1, 228, 45, 'R9S2', 1, 1),
(101, 1, 228, 45, 'R9S3', 1, 1),
(102, 1, 228, 45, 'R9S4', 1, 1),
(103, 1, 228, 45, 'R10S1', 1, 1),
(104, 1, 228, 45, 'R10S2', 1, 1),
(105, 1, 228, 45, 'R10S3', 1, 1),
(106, 1, 228, 45, 'R10S4', 1, 1),
(107, 1, 228, 45, 'R11S1', 1, 1),
(108, 1, 228, 45, 'R11S2', 1, 1),
(109, 1, 228, 45, 'R11S3', 1, 1),
(110, 1, 228, 45, 'R11S4', 1, 1),
(111, 1, 228, 45, 'R12S1', 1, 1),
(112, 1, 228, 45, 'R12S2', 1, 1),
(113, 1, 228, 45, 'R12S3', 1, 1),
(114, 1, 228, 45, 'R12S4', 1, 1),
(115, 1, 228, 45, 'R13S1', 1, 1),
(116, 1, 228, 45, 'R13S2', 1, 1),
(117, 1, 229, 46, 'R1S1', 1, 1),
(118, 1, 229, 46, 'R1S2', 1, 1),
(119, 1, 229, 46, 'R1S3', 1, 1),
(120, 1, 229, 46, 'R1S4', 1, 1),
(121, 1, 229, 46, 'R2S1', 1, 1),
(122, 1, 229, 46, 'R2S2', 1, 1),
(123, 1, 229, 46, 'R2S3', 1, 1),
(124, 1, 229, 46, 'R2S4', 1, 1),
(125, 1, 229, 47, 'R3S1', 1, 1),
(126, 1, 229, 47, 'R3S2', 1, 1),
(127, 1, 229, 47, 'R3S3', 1, 1),
(128, 1, 229, 47, 'R3S4', 1, 1),
(129, 1, 229, 47, 'R4S1', 1, 1),
(130, 1, 229, 47, 'R4S2', 1, 1),
(131, 1, 229, 47, 'R4S3', 1, 1),
(132, 1, 229, 47, 'R4S4', 1, 1),
(133, 1, 229, 47, 'R5S1', 1, 1),
(134, 1, 229, 47, 'R5S2', 1, 1),
(135, 1, 229, 47, 'R5S3', 1, 1),
(136, 1, 229, 47, 'R5S4', 1, 1),
(137, 1, 229, 47, 'R6S1', 1, 1),
(138, 1, 229, 47, 'R6S2', 1, 1),
(139, 1, 229, 47, 'R6S3', 1, 1),
(140, 1, 229, 47, 'R6S4', 1, 1),
(141, 1, 229, 47, 'R7S1', 1, 1),
(142, 1, 229, 47, 'R7S2', 1, 1),
(143, 1, 229, 47, 'R7S3', 1, 1),
(144, 1, 229, 47, 'R7S4', 1, 1),
(145, 1, 229, 47, 'R8S1', 1, 1),
(146, 1, 229, 47, 'R8S2', 1, 1),
(147, 1, 229, 47, 'R8S3', 1, 1),
(148, 1, 229, 47, 'R8S4', 1, 1),
(149, 1, 229, 47, 'R9S1', 1, 1),
(150, 1, 229, 47, 'R9S2', 1, 1),
(151, 1, 229, 47, 'R9S3', 1, 1),
(152, 1, 229, 47, 'R9S4', 1, 1),
(153, 1, 229, 47, 'R10S1', 1, 1),
(154, 1, 229, 47, 'R10S2', 1, 1),
(155, 1, 229, 47, 'R10S3', 1, 1),
(156, 1, 229, 47, 'R10S4', 1, 1),
(157, 1, 229, 47, 'R11S1', 1, 1),
(158, 1, 229, 47, 'R11S2', 1, 1),
(159, 1, 229, 47, 'R11S3', 1, 1),
(160, 1, 229, 47, 'R11S4', 1, 1),
(161, 1, 229, 47, 'R12S1', 1, 1),
(162, 1, 229, 47, 'R12S2', 1, 1),
(163, 1, 229, 47, 'R12S3', 1, 1),
(164, 1, 229, 47, 'R12S4', 1, 1),
(165, 1, 229, 47, 'R13S1', 1, 1),
(166, 1, 229, 47, 'R13S2', 1, 1),
(167, 1, 230, 48, 'R1S1', 1, 1),
(168, 1, 230, 48, 'R1S2', 1, 1),
(169, 1, 230, 48, 'R1S3', 1, 1),
(170, 1, 230, 48, 'R1S4', 1, 1),
(171, 1, 230, 48, 'R2S1', 1, 1),
(172, 1, 230, 48, 'R2S2', 1, 1),
(173, 1, 230, 48, 'R2S3', 1, 1),
(174, 1, 230, 48, 'R2S4', 1, 1),
(175, 1, 230, 49, 'R3S1', 1, 1),
(176, 1, 230, 49, 'R3S2', 1, 1),
(177, 1, 230, 49, 'R3S3', 1, 1),
(178, 1, 230, 49, 'R3S4', 1, 1),
(179, 1, 230, 49, 'R4S1', 1, 1),
(180, 1, 230, 49, 'R4S2', 1, 1),
(181, 1, 230, 49, 'R4S3', 1, 1),
(182, 1, 230, 49, 'R4S4', 1, 1),
(183, 1, 230, 49, 'R5S1', 1, 1),
(184, 1, 230, 49, 'R5S2', 1, 1),
(185, 1, 230, 49, 'R5S3', 1, 1),
(186, 1, 230, 49, 'R5S4', 1, 1),
(187, 1, 230, 49, 'R6S1', 1, 1),
(188, 1, 230, 49, 'R6S2', 1, 1),
(189, 1, 230, 49, 'R6S3', 1, 1),
(190, 1, 230, 49, 'R6S4', 1, 1),
(191, 1, 230, 49, 'R7S1', 1, 1),
(192, 1, 230, 49, 'R7S2', 1, 1),
(193, 1, 230, 49, 'R7S3', 1, 1),
(194, 1, 230, 49, 'R7S4', 1, 1),
(195, 1, 230, 49, 'R8S1', 1, 1),
(196, 1, 230, 49, 'R8S2', 1, 1),
(197, 1, 230, 49, 'R8S3', 1, 1),
(198, 1, 230, 49, 'R8S4', 1, 1),
(199, 1, 230, 49, 'R9S1', 1, 1),
(200, 1, 230, 49, 'R9S2', 1, 1),
(201, 1, 230, 49, 'R9S3', 1, 1),
(202, 1, 230, 49, 'R9S4', 1, 1),
(203, 1, 230, 49, 'R10S1', 1, 1),
(204, 1, 230, 49, 'R10S2', 1, 1),
(205, 1, 230, 49, 'R10S3', 1, 1),
(206, 1, 230, 49, 'R10S4', 1, 1),
(207, 1, 230, 49, 'R11S1', 1, 1),
(208, 1, 230, 49, 'R11S2', 1, 1),
(209, 1, 230, 49, 'R11S3', 1, 1),
(210, 1, 230, 49, 'R11S4', 1, 1),
(211, 1, 230, 49, 'R12S1', 1, 1),
(212, 1, 230, 49, 'R12S2', 1, 1),
(213, 1, 230, 49, 'R12S3', 1, 1),
(214, 1, 230, 49, 'R12S4', 1, 1),
(215, 1, 230, 49, 'R13S1', 1, 1),
(216, 1, 230, 49, 'R13S2', 1, 1),
(217, 1, 231, 105, 'A1', 1, 1),
(218, 1, 231, 105, 'A2', 1, 1),
(219, 1, 231, 105, 'A3', 1, 1),
(220, 1, 231, 105, 'A4', 1, 1),
(221, 1, 232, 106, 'A1', 1, 1),
(222, 1, 232, 106, 'A2', 1, 1),
(223, 1, 232, 106, 'A3', 1, 1),
(224, 1, 232, 106, 'A4', 1, 1),
(225, 1, 233, 107, 'A1', 1, 1),
(226, 1, 233, 108, 'A2', 1, 1),
(227, 1, 233, 107, 'A3', 1, 1),
(228, 1, 233, 108, 'A4', 1, 1),
(229, 1, 234, 109, 'A1', 1, 1),
(230, 1, 234, 109, 'A2', 1, 1),
(231, 1, 234, 109, 'A3', 1, 1),
(232, 1, 234, 109, 'A4', 1, 1),
(233, 1, 234, 109, 'B1', 1, 1),
(234, 1, 234, 109, 'B2', 1, 1),
(235, 1, 234, 109, 'B3', 1, 1),
(236, 1, 234, 109, 'B4', 1, 1),
(237, 1, 234, 109, 'C1', 1, 1),
(238, 1, 234, 109, 'C2', 1, 1),
(239, 1, 234, 109, 'C3', 1, 1),
(240, 1, 234, 109, 'C4', 1, 1),
(241, 1, 234, 110, 'D1', 1, 1),
(242, 1, 234, 110, 'D2', 1, 1),
(243, 1, 234, 110, 'D3', 1, 1),
(244, 1, 234, 110, 'D4', 1, 1),
(245, 1, 234, 110, 'E1', 1, 1),
(246, 1, 234, 110, 'E2', 1, 1),
(247, 1, 234, 110, 'E3', 1, 1),
(248, 1, 234, 110, 'E4', 1, 1),
(249, 1, 234, 110, 'F1', 1, 1),
(250, 1, 234, 110, 'F2', 1, 1),
(251, 1, 234, 110, 'F3', 1, 1),
(252, 1, 234, 110, 'F4', 1, 1),
(253, 1, 234, 110, 'G1', 1, 1),
(254, 1, 234, 110, 'G2', 1, 1),
(255, 1, 234, 110, 'G3', 1, 1),
(256, 1, 234, 110, 'G4', 1, 1),
(257, 1, 234, 110, 'H1', 1, 1),
(258, 1, 234, 110, 'H2', 1, 1),
(259, 1, 234, 110, 'H3', 1, 1),
(260, 1, 234, 110, 'H4', 1, 1),
(261, 1, 234, 110, 'I1', 1, 1),
(262, 1, 234, 110, 'I2', 1, 1),
(263, 1, 234, 110, 'I3', 1, 1),
(264, 1, 234, 110, 'I4', 1, 1),
(265, 1, 234, 110, 'J1', 1, 1),
(266, 1, 234, 110, 'J2', 1, 1),
(267, 1, 234, 110, 'J3', 1, 1),
(268, 1, 234, 110, 'J4', 1, 1),
(269, 1, 234, 110, 'K1', 1, 1),
(270, 1, 234, 110, 'K2', 1, 1),
(271, 1, 234, 110, 'K3', 1, 1),
(272, 1, 234, 110, 'K4', 1, 1),
(273, 1, 234, 110, 'L1', 1, 1),
(274, 1, 234, 110, 'L2', 1, 1),
(275, 1, 234, 110, 'L3', 1, 1),
(276, 1, 234, 110, 'L4', 1, 1),
(277, 1, 234, 110, 'L5', 1, 1),
(278, 1, 235, 111, 'A1', 1, 1),
(279, 1, 235, 111, 'A2', 1, 1),
(280, 1, 235, 111, 'A3', 1, 1),
(281, 1, 235, 111, 'A4', 1, 1),
(282, 1, 235, 111, 'B1', 1, 1),
(283, 1, 235, 111, 'B2', 1, 1),
(284, 1, 235, 111, 'B3', 1, 1),
(285, 1, 235, 111, 'B4', 1, 1),
(286, 1, 235, 111, 'C1', 1, 1),
(287, 1, 235, 111, 'C2', 1, 1),
(288, 1, 235, 111, 'C3', 1, 1),
(289, 1, 235, 111, 'C4', 1, 1),
(290, 1, 235, 112, 'D1', 1, 1),
(291, 1, 235, 112, 'D2', 1, 1),
(292, 1, 235, 112, 'D3', 1, 1),
(293, 1, 235, 112, 'D4', 1, 1),
(294, 1, 235, 112, 'E1', 1, 1),
(295, 1, 235, 112, 'E2', 1, 1),
(296, 1, 235, 112, 'E3', 1, 1),
(297, 1, 235, 112, 'E4', 1, 1),
(298, 1, 235, 112, 'F1', 1, 1),
(299, 1, 235, 112, 'F2', 1, 1),
(300, 1, 235, 112, 'F3', 1, 1),
(301, 1, 235, 112, 'F4', 1, 1),
(302, 1, 235, 112, 'G1', 1, 1),
(303, 1, 235, 112, 'G2', 1, 1),
(304, 1, 235, 112, 'G3', 1, 1),
(305, 1, 235, 112, 'G4', 1, 1),
(306, 1, 235, 112, 'H1', 1, 1),
(307, 1, 235, 112, 'H2', 1, 1),
(308, 1, 235, 112, 'H3', 1, 1),
(309, 1, 235, 112, 'H4', 1, 1),
(310, 1, 235, 112, 'I1', 1, 1),
(311, 1, 235, 112, 'I2', 1, 1),
(312, 1, 235, 112, 'I3', 1, 1),
(313, 1, 235, 112, 'I4', 1, 1),
(314, 1, 235, 112, 'J1', 1, 1),
(315, 1, 235, 112, 'J2', 1, 1),
(316, 1, 235, 112, 'J3', 1, 1),
(317, 1, 235, 112, 'J4', 1, 1),
(318, 1, 235, 112, 'K1', 1, 1),
(319, 1, 235, 112, 'K2', 1, 1),
(320, 1, 235, 112, 'K3', 1, 1),
(321, 1, 235, 112, 'K4', 1, 1),
(322, 1, 235, 112, 'L1', 1, 1),
(323, 1, 235, 112, 'L2', 1, 1),
(324, 1, 235, 112, 'L3', 1, 1),
(325, 1, 235, 112, 'L4', 1, 1),
(326, 1, 235, 112, 'L5', 1, 1),
(327, 1, 236, 113, 'A1', 1, 1),
(328, 1, 236, 113, 'A2', 1, 1),
(329, 1, 236, 113, 'A3', 1, 1),
(330, 1, 236, 113, 'A4', 1, 1),
(331, 1, 236, 113, 'B1', 1, 1),
(332, 1, 236, 113, 'B2', 1, 1),
(333, 1, 236, 113, 'B3', 1, 1),
(334, 1, 236, 113, 'B4', 1, 1),
(335, 1, 236, 113, 'C1', 1, 1),
(336, 1, 236, 113, 'C2', 1, 1),
(337, 1, 236, 113, 'C3', 1, 1),
(338, 1, 236, 113, 'C4', 1, 1),
(339, 1, 236, 114, 'D1', 1, 1),
(340, 1, 236, 114, 'D2', 1, 1),
(341, 1, 236, 114, 'D3', 1, 1),
(342, 1, 236, 114, 'D4', 1, 1),
(343, 1, 236, 114, 'E1', 1, 1),
(344, 1, 236, 114, 'E2', 1, 1),
(345, 1, 236, 114, 'E3', 1, 1),
(346, 1, 236, 114, 'E4', 1, 1),
(347, 1, 236, 114, 'F1', 1, 1),
(348, 1, 236, 114, 'F2', 1, 1),
(349, 1, 236, 114, 'F3', 1, 1),
(350, 1, 236, 114, 'F4', 1, 1),
(351, 1, 236, 114, 'G1', 1, 1),
(352, 1, 236, 114, 'G2', 1, 1),
(353, 1, 236, 114, 'G3', 1, 1),
(354, 1, 236, 114, 'G4', 1, 1),
(355, 1, 236, 114, 'H1', 1, 1),
(356, 1, 236, 114, 'H2', 1, 1),
(357, 1, 236, 114, 'H3', 1, 1),
(358, 1, 236, 114, 'H4', 1, 1),
(359, 1, 236, 114, 'I1', 1, 1),
(360, 1, 236, 114, 'I2', 1, 1),
(361, 1, 236, 114, 'I3', 1, 1),
(362, 1, 236, 114, 'I4', 1, 1),
(363, 1, 236, 114, 'J1', 1, 1),
(364, 1, 236, 114, 'J2', 1, 1),
(365, 1, 236, 114, 'J3', 1, 1),
(366, 1, 236, 114, 'J4', 1, 1),
(367, 1, 236, 114, 'K1', 1, 1),
(368, 1, 236, 114, 'K2', 1, 1),
(369, 1, 236, 114, 'K3', 1, 1),
(370, 1, 236, 114, 'K4', 1, 1),
(371, 1, 236, 114, 'L1', 1, 1),
(372, 1, 236, 114, 'L2', 1, 1),
(373, 1, 236, 114, 'L3', 1, 1),
(374, 1, 236, 114, 'L4', 1, 1),
(375, 1, 236, 114, 'L5', 1, 1),
(376, 1, 237, 115, 'A1', 1, 1),
(377, 1, 237, 115, 'A2', 1, 1),
(378, 1, 237, 115, 'A3', 1, 1),
(379, 1, 237, 115, 'A4', 1, 1),
(380, 1, 237, 115, 'B1', 1, 1),
(381, 1, 237, 115, 'B2', 1, 1),
(382, 1, 237, 115, 'B3', 1, 1),
(383, 1, 237, 115, 'B4', 1, 1),
(384, 1, 237, 115, 'C1', 1, 1),
(385, 1, 237, 115, 'C2', 1, 1),
(386, 1, 237, 115, 'C3', 1, 1),
(387, 1, 237, 115, 'C4', 1, 1),
(388, 1, 237, 116, 'D1', 1, 1),
(389, 1, 237, 116, 'D2', 1, 1),
(390, 1, 237, 116, 'D3', 1, 1),
(391, 1, 237, 116, 'D4', 1, 1),
(392, 1, 237, 116, 'E1', 1, 1),
(393, 1, 237, 116, 'E2', 1, 1),
(394, 1, 237, 116, 'E3', 1, 1),
(395, 1, 237, 116, 'E4', 1, 1),
(396, 1, 237, 116, 'F1', 1, 1),
(397, 1, 237, 116, 'F2', 1, 1),
(398, 1, 237, 116, 'F3', 1, 1),
(399, 1, 237, 116, 'F4', 1, 1),
(400, 1, 237, 116, 'G1', 1, 1),
(401, 1, 237, 116, 'G2', 1, 1),
(402, 1, 237, 116, 'G3', 1, 1),
(403, 1, 237, 116, 'G4', 1, 1),
(404, 1, 237, 116, 'H1', 1, 1),
(405, 1, 237, 116, 'H2', 1, 1),
(406, 1, 237, 116, 'H3', 1, 1),
(407, 1, 237, 116, 'H4', 1, 1),
(408, 1, 237, 116, 'I1', 1, 1),
(409, 1, 237, 116, 'I2', 1, 1),
(410, 1, 237, 116, 'I3', 1, 1),
(411, 1, 237, 116, 'I4', 1, 1),
(412, 1, 237, 116, 'J1', 1, 1),
(413, 1, 237, 116, 'J2', 1, 1),
(414, 1, 237, 116, 'J3', 1, 1),
(415, 1, 237, 116, 'J4', 1, 1),
(416, 1, 237, 116, 'K1', 1, 1),
(417, 1, 237, 116, 'K2', 1, 1),
(418, 1, 237, 116, 'K3', 1, 1),
(419, 1, 237, 116, 'K4', 1, 1),
(420, 1, 237, 116, 'L1', 1, 1),
(421, 1, 237, 116, 'L2', 1, 1),
(422, 1, 237, 116, 'L3', 1, 1),
(423, 1, 237, 116, 'L4', 1, 1),
(424, 1, 237, 116, 'L5', 1, 1),
(425, 1, 238, 117, 'A1', 1, 1),
(426, 1, 238, 117, 'A2', 1, 1),
(427, 1, 238, 117, 'A3', 1, 1),
(428, 1, 238, 117, 'A4', 1, 1),
(429, 1, 238, 117, 'B1', 1, 1),
(430, 1, 238, 117, 'B2', 1, 1),
(431, 1, 238, 117, 'B3', 1, 1),
(432, 1, 238, 117, 'B4', 1, 1),
(433, 1, 238, 117, 'C1', 1, 1),
(434, 1, 238, 117, 'C2', 1, 1),
(435, 1, 238, 117, 'C3', 1, 1),
(436, 1, 238, 117, 'C4', 1, 1),
(437, 1, 238, 118, 'D1', 1, 1),
(438, 1, 238, 118, 'D2', 1, 1),
(439, 1, 238, 118, 'D3', 1, 1),
(440, 1, 238, 118, 'D4', 1, 1),
(441, 1, 238, 118, 'E1', 1, 1),
(442, 1, 238, 118, 'E2', 1, 1),
(443, 1, 238, 118, 'E3', 1, 1),
(444, 1, 238, 118, 'E4', 1, 1),
(445, 1, 238, 118, 'F1', 1, 1),
(446, 1, 238, 118, 'F2', 1, 1),
(447, 1, 238, 118, 'F3', 1, 1),
(448, 1, 238, 118, 'F4', 1, 1),
(449, 1, 238, 118, 'G1', 1, 1),
(450, 1, 238, 118, 'G2', 1, 1),
(451, 1, 238, 118, 'G3', 1, 1),
(452, 1, 238, 118, 'G4', 1, 1),
(453, 1, 238, 118, 'H1', 1, 1),
(454, 1, 238, 118, 'H2', 1, 1),
(455, 1, 238, 118, 'H3', 1, 1),
(456, 1, 238, 118, 'H4', 1, 1),
(457, 1, 238, 118, 'I1', 1, 1),
(458, 1, 238, 118, 'I2', 1, 1),
(459, 1, 238, 118, 'I3', 1, 1),
(460, 1, 238, 118, 'I4', 1, 1),
(461, 1, 238, 118, 'J1', 1, 1),
(462, 1, 238, 118, 'J2', 1, 1),
(463, 1, 238, 118, 'J3', 1, 1),
(464, 1, 238, 118, 'J4', 1, 1),
(465, 1, 238, 118, 'K1', 1, 1),
(466, 1, 238, 118, 'K2', 1, 1),
(467, 1, 238, 118, 'K3', 1, 1),
(468, 1, 238, 118, 'K4', 1, 1),
(469, 1, 238, 118, 'L1', 1, 1),
(470, 1, 238, 118, 'L2', 1, 1),
(471, 1, 238, 118, 'L3', 1, 1),
(472, 1, 238, 118, 'L4', 1, 1),
(473, 1, 238, 118, 'L5', 1, 1),
(474, 1, 239, 119, 'a1', 1, 1),
(475, 1, 239, 119, 'a2', 1, 1),
(476, 1, 239, 119, 'a3', 1, 1),
(477, 1, 239, 119, 'a4', 1, 1),
(478, 1, 240, 121, 'a1', 1, 1),
(479, 1, 240, 121, 'a2', 1, 1),
(480, 1, 240, 121, 'a3', 1, 1),
(481, 1, 240, 121, 'a4', 1, 1),
(482, 1, 241, 123, 'A1', 1, 1),
(483, 1, 241, 123, 'A2', 1, 2),
(484, 1, 241, 123, 'A3', 1, 2),
(485, 1, 241, 123, 'A4', 1, 1),
(486, 1, 241, 123, 'B1', 1, 1),
(487, 1, 241, 123, 'B2', 1, 1),
(488, 1, 241, 123, 'B3', 1, 1),
(489, 1, 241, 123, 'B4', 1, 1),
(490, 1, 241, 123, 'C1', 1, 1),
(491, 1, 241, 123, 'C2', 1, 1),
(492, 1, 241, 123, 'C3', 1, 1),
(493, 1, 241, 123, 'C4', 1, 1),
(494, 1, 241, 124, 'D1', 1, 1),
(495, 1, 241, 124, 'D2', 1, 1),
(496, 1, 241, 124, 'D3', 1, 1),
(497, 1, 241, 124, 'D4', 1, 1),
(498, 1, 241, 124, 'E1', 1, 1),
(499, 1, 241, 124, 'E2', 1, 1),
(500, 1, 241, 124, 'E3', 1, 1),
(501, 1, 241, 124, 'E4', 1, 1),
(502, 1, 241, 124, 'F1', 1, 1),
(503, 1, 241, 124, 'F2', 1, 1),
(504, 1, 241, 124, 'F3', 1, 1),
(505, 1, 241, 124, 'F4', 1, 1),
(506, 1, 241, 124, 'G1', 1, 1),
(507, 1, 241, 124, 'G2', 1, 1),
(508, 1, 241, 124, 'G3', 1, 1),
(509, 1, 241, 124, 'G4', 1, 2),
(510, 1, 241, 124, 'H1', 1, 2),
(511, 1, 241, 124, 'H2', 1, 1),
(512, 1, 241, 124, 'H3', 1, 1),
(513, 1, 241, 124, 'H4', 1, 1),
(514, 1, 241, 124, 'I1', 1, 1),
(515, 1, 241, 124, 'I2', 1, 1),
(516, 1, 241, 124, 'I3', 1, 1),
(517, 1, 241, 124, 'I4', 1, 1),
(518, 1, 241, 124, 'J1', 1, 1),
(519, 1, 241, 124, 'J2', 1, 1),
(520, 1, 241, 124, 'J3', 1, 1),
(521, 1, 241, 124, 'J4', 1, 1),
(522, 1, 241, 124, 'K1', 1, 1),
(523, 1, 241, 124, 'K2', 1, 1),
(524, 1, 241, 124, 'K3', 1, 1),
(525, 1, 241, 124, 'K4', 1, 1),
(526, 1, 241, 124, 'L1', 1, 1),
(527, 1, 241, 124, 'L2', 1, 1),
(528, 1, 241, 124, 'L3', 1, 1),
(529, 1, 241, 124, 'L4', 1, 1),
(530, 1, 241, 124, 'L5', 1, 1),
(531, 1, 242, 125, 'A1', 1, 1),
(532, 1, 242, 125, 'A2', 1, 1),
(533, 1, 242, 125, 'A3', 1, 1),
(534, 1, 242, 125, 'A4', 1, 1),
(535, 1, 242, 125, 'B1', 1, 1),
(536, 1, 242, 125, 'B2', 1, 1),
(537, 1, 242, 125, 'B3', 1, 1),
(538, 1, 242, 125, 'B4', 1, 1),
(539, 1, 242, 125, 'C1', 1, 1),
(540, 1, 242, 125, 'C2', 1, 1),
(541, 1, 242, 125, 'C3', 1, 1),
(542, 1, 242, 125, 'C4', 1, 1),
(543, 1, 242, 126, 'D1', 1, 1),
(544, 1, 242, 126, 'D2', 1, 1),
(545, 1, 242, 126, 'D3', 1, 1),
(546, 1, 242, 126, 'D4', 1, 1),
(547, 1, 242, 126, 'E1', 1, 1),
(548, 1, 242, 126, 'E2', 1, 1),
(549, 1, 242, 126, 'E3', 1, 1),
(550, 1, 242, 126, 'E4', 1, 1),
(551, 1, 242, 126, 'F1', 1, 1),
(552, 1, 242, 126, 'F2', 1, 1),
(553, 1, 242, 126, 'F3', 1, 1),
(554, 1, 242, 126, 'F4', 1, 1),
(555, 1, 242, 126, 'G1', 1, 1),
(556, 1, 242, 126, 'G2', 1, 1),
(557, 1, 242, 126, 'G3', 1, 1),
(558, 1, 242, 126, 'G4', 1, 1),
(559, 1, 242, 126, 'H1', 1, 1),
(560, 1, 242, 126, 'H2', 1, 1),
(561, 1, 242, 126, 'H3', 1, 1),
(562, 1, 242, 126, 'H4', 1, 1),
(563, 1, 242, 126, 'I1', 1, 1),
(564, 1, 242, 126, 'I2', 1, 1),
(565, 1, 242, 126, 'I3', 1, 1),
(566, 1, 242, 126, 'I4', 1, 1),
(567, 1, 242, 126, 'J1', 1, 1),
(568, 1, 242, 126, 'J2', 1, 1),
(569, 1, 242, 126, 'J3', 1, 1),
(570, 1, 242, 126, 'J4', 1, 1),
(571, 1, 242, 126, 'K1', 1, 1),
(572, 1, 242, 126, 'K2', 1, 1),
(573, 1, 242, 126, 'K3', 1, 1),
(574, 1, 242, 126, 'K4', 1, 1),
(575, 1, 242, 126, 'L1', 1, 1),
(576, 1, 242, 126, 'L2', 1, 1),
(577, 1, 242, 126, 'L3', 1, 1),
(578, 1, 242, 126, 'L4', 1, 1),
(579, 1, 242, 126, 'L5', 1, 1),
(580, 1, 243, 127, 'A1', 1, 1),
(581, 1, 243, 127, 'A2', 1, 1),
(582, 1, 243, 127, 'A3', 1, 1),
(583, 1, 243, 127, 'A4', 1, 1),
(584, 1, 243, 127, 'B1', 1, 1),
(585, 1, 243, 127, 'B2', 1, 1),
(586, 1, 243, 127, 'B3', 1, 1),
(587, 1, 243, 127, 'B4', 1, 1),
(588, 1, 243, 127, 'C1', 1, 1),
(589, 1, 243, 127, 'C2', 1, 1),
(590, 1, 243, 127, 'C3', 1, 1),
(591, 1, 243, 127, 'C4', 1, 1),
(592, 1, 243, 128, 'D1', 1, 1),
(593, 1, 243, 128, 'D2', 1, 1),
(594, 1, 243, 128, 'D3', 1, 1),
(595, 1, 243, 128, 'D4', 1, 1),
(596, 1, 243, 128, 'E1', 1, 1),
(597, 1, 243, 128, 'E2', 1, 1),
(598, 1, 243, 128, 'E3', 1, 1),
(599, 1, 243, 128, 'E4', 1, 1),
(600, 1, 243, 128, 'F1', 1, 1),
(601, 1, 243, 128, 'F2', 1, 1),
(602, 1, 243, 128, 'F3', 1, 1),
(603, 1, 243, 128, 'F4', 1, 1),
(604, 1, 243, 128, 'G1', 1, 1),
(605, 1, 243, 128, 'G2', 1, 1),
(606, 1, 243, 128, 'G3', 1, 1),
(607, 1, 243, 128, 'G4', 1, 1),
(608, 1, 243, 128, 'H1', 1, 1),
(609, 1, 243, 128, 'H2', 1, 1),
(610, 1, 243, 128, 'H3', 1, 1),
(611, 1, 243, 128, 'H4', 1, 1),
(612, 1, 243, 128, 'I1', 1, 1),
(613, 1, 243, 128, 'I2', 1, 1),
(614, 1, 243, 128, 'I3', 1, 1),
(615, 1, 243, 128, 'I4', 1, 1),
(616, 1, 243, 128, 'J1', 1, 1),
(617, 1, 243, 128, 'J2', 1, 1),
(618, 1, 243, 128, 'J3', 1, 1),
(619, 1, 243, 128, 'J4', 1, 1),
(620, 1, 243, 128, 'K1', 1, 1),
(621, 1, 243, 128, 'K2', 1, 1),
(622, 1, 243, 128, 'K3', 1, 1),
(623, 1, 243, 128, 'K4', 1, 1),
(624, 1, 243, 128, 'L1', 1, 1),
(625, 1, 243, 128, 'L2', 1, 1),
(626, 1, 243, 128, 'L3', 1, 1),
(627, 1, 243, 128, 'L4', 1, 1),
(628, 1, 243, 128, 'L5', 1, 1),
(629, 1, 244, 129, 'A1', 1, 1),
(630, 1, 244, 129, 'A2', 1, 1),
(631, 1, 244, 129, 'A3', 1, 1),
(632, 1, 244, 129, 'A4', 1, 1),
(633, 1, 244, 129, 'B1', 1, 1),
(634, 1, 244, 129, 'B2', 1, 1),
(635, 1, 244, 129, 'B3', 1, 1),
(636, 1, 244, 129, 'B4', 1, 1),
(637, 1, 244, 129, 'C1', 1, 1),
(638, 1, 244, 129, 'C2', 1, 1),
(639, 1, 244, 129, 'C3', 1, 1),
(640, 1, 244, 129, 'C4', 1, 1),
(641, 1, 244, 130, 'D1', 1, 1),
(642, 1, 244, 130, 'D2', 1, 1),
(643, 1, 244, 130, 'D3', 1, 1),
(644, 1, 244, 130, 'D4', 1, 1),
(645, 1, 244, 130, 'E1', 1, 1),
(646, 1, 244, 130, 'E2', 1, 1),
(647, 1, 244, 130, 'E3', 1, 1),
(648, 1, 244, 130, 'E4', 1, 1),
(649, 1, 244, 130, 'F1', 1, 1),
(650, 1, 244, 130, 'F2', 1, 1),
(651, 1, 244, 130, 'F3', 1, 1),
(652, 1, 244, 130, 'F4', 1, 1),
(653, 1, 244, 130, 'G1', 1, 1),
(654, 1, 244, 130, 'G2', 1, 1),
(655, 1, 244, 130, 'G3', 1, 1),
(656, 1, 244, 130, 'G4', 1, 1),
(657, 1, 244, 130, 'H1', 1, 1),
(658, 1, 244, 130, 'H2', 1, 1),
(659, 1, 244, 130, 'H3', 1, 1),
(660, 1, 244, 130, 'H4', 1, 1),
(661, 1, 244, 130, 'I1', 1, 1),
(662, 1, 244, 130, 'I2', 1, 1),
(663, 1, 244, 130, 'I3', 1, 1),
(664, 1, 244, 130, 'I4', 1, 1),
(665, 1, 244, 130, 'J1', 1, 1),
(666, 1, 244, 130, 'J2', 1, 1),
(667, 1, 244, 130, 'J3', 1, 1),
(668, 1, 244, 130, 'J4', 1, 1),
(669, 1, 244, 130, 'K1', 1, 1),
(670, 1, 244, 130, 'K2', 1, 1),
(671, 1, 244, 130, 'K3', 1, 1),
(672, 1, 244, 130, 'K4', 1, 1),
(673, 1, 244, 130, 'L1', 1, 1),
(674, 1, 244, 130, 'L2', 1, 1),
(675, 1, 244, 130, 'L3', 1, 1),
(676, 1, 244, 130, 'L4', 1, 1),
(677, 1, 244, 130, 'L5', 1, 1),
(678, 1, 245, 131, 'A1', 1, 1),
(679, 1, 245, 131, 'A2', 1, 1),
(680, 1, 245, 131, 'A3', 1, 1),
(681, 1, 245, 131, 'A4', 1, 1),
(682, 1, 245, 131, 'B1', 1, 1),
(683, 1, 245, 131, 'B2', 1, 1),
(684, 1, 245, 131, 'B3', 1, 1),
(685, 1, 245, 131, 'B4', 1, 1),
(686, 1, 245, 131, 'C1', 1, 1),
(687, 1, 245, 131, 'C2', 1, 1),
(688, 1, 245, 131, 'C3', 1, 1),
(689, 1, 245, 131, 'C4', 1, 1),
(690, 1, 245, 132, 'D1', 1, 1),
(691, 1, 245, 132, 'D2', 1, 1),
(692, 1, 245, 132, 'D3', 1, 1),
(693, 1, 245, 132, 'D4', 1, 1),
(694, 1, 245, 132, 'E1', 1, 1),
(695, 1, 245, 132, 'E2', 1, 1),
(696, 1, 245, 132, 'E3', 1, 1),
(697, 1, 245, 132, 'E4', 1, 1),
(698, 1, 245, 132, 'F1', 1, 1),
(699, 1, 245, 132, 'F2', 1, 1),
(700, 1, 245, 132, 'F3', 1, 1),
(701, 1, 245, 132, 'F4', 1, 1),
(702, 1, 245, 132, 'G1', 1, 1),
(703, 1, 245, 132, 'G2', 1, 1),
(704, 1, 245, 132, 'G3', 1, 1),
(705, 1, 245, 132, 'G4', 1, 1),
(706, 1, 245, 132, 'H1', 1, 1),
(707, 1, 245, 132, 'H2', 1, 1),
(708, 1, 245, 132, 'H3', 1, 1),
(709, 1, 245, 132, 'H4', 1, 1),
(710, 1, 245, 132, 'I1', 1, 1),
(711, 1, 245, 132, 'I2', 1, 1),
(712, 1, 245, 132, 'I3', 1, 1),
(713, 1, 245, 132, 'I4', 1, 1),
(714, 1, 245, 132, 'J1', 1, 1),
(715, 1, 245, 132, 'J2', 1, 1),
(716, 1, 245, 132, 'J3', 1, 1),
(717, 1, 245, 132, 'J4', 1, 1),
(718, 1, 245, 132, 'K1', 1, 1),
(719, 1, 245, 132, 'K2', 1, 1),
(720, 1, 245, 132, 'K3', 1, 1),
(721, 1, 245, 132, 'K4', 1, 1),
(722, 1, 245, 132, 'L1', 1, 1),
(723, 1, 245, 132, 'L2', 1, 1),
(724, 1, 245, 132, 'L3', 1, 1),
(725, 1, 245, 132, 'L4', 1, 1),
(726, 1, 245, 132, 'L5', 1, 1),
(727, 1, 246, 133, 'ِA1', 1, 1),
(728, 1, 246, 133, 'ِA2', 1, 1),
(729, 1, 246, 133, 'ِA3', 1, 1),
(730, 1, 246, 133, 'ِA4', 1, 1),
(731, 1, 247, 134, 'ِA1', 1, 1),
(732, 1, 247, 134, 'ِA2', 1, 1),
(733, 1, 247, 134, 'ِA3', 1, 1),
(734, 1, 247, 134, 'ِA4', 1, 1),
(735, 1, 248, 135, 'ِA1', 1, 1),
(736, 1, 248, 135, 'ِA2', 1, 1),
(737, 1, 248, 135, 'ِA3', 1, 1),
(738, 1, 248, 135, 'ِA4', 1, 1),
(739, 1, 249, 136, 'A1', 1, 1),
(740, 1, 249, 136, 'A2', 1, 1),
(741, 1, 249, 136, 'A3', 1, 1),
(742, 1, 249, 136, 'A4', 1, 1),
(743, 1, 249, 136, 'B1', 1, 1),
(744, 1, 249, 136, 'B2', 1, 1),
(745, 1, 249, 136, 'B3', 1, 1),
(746, 1, 249, 136, 'B4', 1, 1),
(747, 1, 249, 136, 'C1', 1, 1),
(748, 1, 249, 136, 'C2', 1, 1),
(749, 1, 249, 136, 'C3', 1, 1),
(750, 1, 249, 136, 'C4', 1, 1),
(751, 1, 249, 137, 'D1', 1, 1),
(752, 1, 249, 137, 'D2', 1, 1),
(753, 1, 249, 137, 'D3', 1, 1),
(754, 1, 249, 137, 'D4', 1, 1),
(755, 1, 249, 137, 'E1', 1, 1),
(756, 1, 249, 137, 'E2', 1, 1),
(757, 1, 249, 137, 'E3', 1, 1),
(758, 1, 249, 137, 'E4', 1, 1),
(759, 1, 249, 137, 'F1', 1, 1),
(760, 1, 249, 137, 'F2', 1, 1),
(761, 1, 249, 137, 'F3', 1, 1),
(762, 1, 249, 137, 'F4', 1, 1),
(763, 1, 249, 137, 'G1', 1, 1),
(764, 1, 249, 137, 'G2', 1, 1),
(765, 1, 249, 137, 'G3', 1, 1),
(766, 1, 249, 137, 'G4', 1, 1),
(767, 1, 249, 137, 'H1', 1, 1),
(768, 1, 249, 137, 'H2', 1, 1),
(769, 1, 249, 137, 'H3', 1, 1),
(770, 1, 249, 137, 'H4', 1, 1),
(771, 1, 249, 137, 'I1', 1, 1),
(772, 1, 249, 137, 'I2', 1, 1),
(773, 1, 249, 137, 'I3', 1, 1),
(774, 1, 249, 137, 'I4', 1, 1),
(775, 1, 249, 137, 'J1', 1, 1),
(776, 1, 249, 137, 'J2', 1, 1),
(777, 1, 249, 137, 'J3', 1, 1),
(778, 1, 249, 137, 'J4', 1, 1),
(779, 1, 249, 137, 'K1', 1, 1),
(780, 1, 249, 137, 'K2', 1, 1),
(781, 1, 249, 137, 'K3', 1, 1),
(782, 1, 249, 137, 'K4', 1, 1),
(783, 1, 249, 137, 'L1', 1, 1),
(784, 1, 249, 137, 'L2', 1, 1),
(785, 1, 249, 137, 'L3', 1, 1),
(786, 1, 249, 137, 'L4', 1, 1),
(787, 1, 249, 137, 'L5', 1, 1),
(788, 1, 250, 138, 'A1', 1, 1),
(789, 1, 250, 138, 'A2', 1, 1),
(790, 1, 250, 138, 'A3', 1, 1),
(791, 1, 250, 138, 'A4', 1, 1),
(792, 1, 250, 138, 'B1', 1, 1),
(793, 1, 250, 138, 'B2', 1, 1),
(794, 1, 250, 138, 'B3', 1, 1),
(795, 1, 250, 138, 'B4', 1, 1),
(796, 1, 250, 138, 'C1', 1, 1),
(797, 1, 250, 138, 'C2', 1, 1),
(798, 1, 250, 138, 'C3', 1, 1),
(799, 1, 250, 138, 'C4', 1, 1),
(800, 1, 250, 139, 'D1', 1, 1),
(801, 1, 250, 139, 'D2', 1, 1),
(802, 1, 250, 139, 'D3', 1, 1),
(803, 1, 250, 139, 'D4', 1, 1),
(804, 1, 250, 139, 'E1', 1, 1),
(805, 1, 250, 139, 'E2', 1, 1),
(806, 1, 250, 139, 'E3', 1, 1),
(807, 1, 250, 139, 'E4', 1, 1),
(808, 1, 250, 139, 'F1', 1, 1),
(809, 1, 250, 139, 'F2', 1, 1),
(810, 1, 250, 139, 'F3', 1, 1),
(811, 1, 250, 139, 'F4', 1, 1),
(812, 1, 250, 139, 'G1', 1, 1),
(813, 1, 250, 139, 'G2', 1, 1),
(814, 1, 250, 139, 'G3', 1, 1),
(815, 1, 250, 139, 'G4', 1, 1),
(816, 1, 250, 139, 'H1', 1, 1),
(817, 1, 250, 139, 'H2', 1, 1),
(818, 1, 250, 139, 'H3', 1, 1),
(819, 1, 250, 139, 'H4', 1, 1),
(820, 1, 250, 139, 'I1', 1, 1),
(821, 1, 250, 139, 'I2', 1, 1),
(822, 1, 250, 139, 'I3', 1, 1),
(823, 1, 250, 139, 'I4', 1, 1),
(824, 1, 250, 139, 'J1', 1, 1),
(825, 1, 250, 139, 'J2', 1, 1),
(826, 1, 250, 139, 'J3', 1, 1),
(827, 1, 250, 139, 'J4', 1, 1),
(828, 1, 250, 139, 'K1', 1, 1),
(829, 1, 250, 139, 'K2', 1, 1),
(830, 1, 250, 139, 'K3', 1, 1),
(831, 1, 250, 139, 'K4', 1, 1),
(832, 1, 250, 139, 'L1', 1, 1),
(833, 1, 250, 139, 'L2', 1, 1),
(834, 1, 250, 139, 'L3', 1, 1),
(835, 1, 250, 139, 'L4', 1, 1),
(836, 1, 250, 139, 'L5', 1, 1),
(837, 1, 251, 140, 'ِA1', 1, 1),
(838, 1, 251, 140, 'ِA2', 1, 1),
(839, 1, 251, 140, 'ِA3', 1, 1),
(840, 1, 251, 140, 'ِA4', 1, 1),
(841, 1, 252, 142, 'A1', 1, 1),
(842, 1, 252, 142, 'A2', 1, 1),
(843, 1, 252, 141, 'B1', 1, 1),
(844, 1, 252, 142, 'B2', 1, 1),
(845, 1, 254, 143, 'ِA1', 1, 1),
(846, 1, 254, 143, 'ِA2', 1, 1),
(847, 1, 254, 143, 'ِA3', 1, 1),
(848, 1, 254, 143, 'ِA4', 1, 1),
(849, 1, 255, 144, 'ِA1', 1, 1),
(850, 1, 255, 144, 'ِA2', 1, 2),
(851, 1, 255, 144, 'ِA3', 1, 2),
(852, 1, 255, 144, 'ِA4', 1, 1),
(853, 1, 256, 145, 'ِA1', 1, 2),
(854, 1, 256, 145, 'ِA2', 1, 2),
(855, 1, 256, 145, 'ِA3', 2, 1),
(856, 1, 256, 145, 'ِA4', 2, 1),
(857, 1, 257, 146, 'ِA1', 1, 1),
(858, 1, 257, 146, 'ِA2', 1, 1),
(859, 1, 257, 146, 'ِA3', 2, 2),
(860, 1, 257, 146, 'ِA4', 2, 2),
(861, 1, 258, 147, 'ِA1', 1, 1),
(862, 1, 258, 147, 'ِA2', 1, 2),
(863, 1, 258, 147, 'ِA3', 2, 2),
(864, 1, 258, 147, 'ِA4', 2, 2),
(865, 1, 259, 148, 'ِA1', 1, 2),
(866, 1, 259, 148, 'ِA2', 1, 2),
(867, 1, 259, 148, 'ِA3', 2, 2),
(868, 1, 259, 148, 'ِA4', 2, 2),
(869, 1, 260, 149, 'A1', 1, 1),
(870, 1, 260, 149, 'A2', 1, 1),
(871, 1, 260, 149, 'A3', 1, 1),
(872, 1, 260, 149, 'A4', 1, 1),
(873, 1, 260, 149, 'B1', 1, 1),
(874, 1, 260, 149, 'B2', 1, 1),
(875, 1, 260, 149, 'B3', 1, 1),
(876, 1, 260, 149, 'B4', 1, 1),
(877, 1, 260, 149, 'C1', 1, 1),
(878, 1, 260, 149, 'C2', 1, 1),
(879, 1, 260, 149, 'C3', 1, 1),
(880, 1, 260, 149, 'C4', 1, 1),
(881, 1, 260, 150, 'D1', 1, 1),
(882, 1, 260, 150, 'D2', 1, 1),
(883, 1, 260, 150, 'D3', 1, 1),
(884, 1, 260, 150, 'D4', 1, 1),
(885, 1, 260, 150, 'E1', 1, 1),
(886, 1, 260, 150, 'E2', 1, 1),
(887, 1, 260, 150, 'E3', 1, 1),
(888, 1, 260, 150, 'E4', 1, 1),
(889, 1, 260, 150, 'F1', 1, 1),
(890, 1, 260, 150, 'F2', 1, 1),
(891, 1, 260, 150, 'F3', 1, 1),
(892, 1, 260, 150, 'F4', 1, 1),
(893, 1, 260, 150, 'G1', 1, 1),
(894, 1, 260, 150, 'G2', 1, 1),
(895, 1, 260, 150, 'G3', 1, 1),
(896, 1, 260, 150, 'G4', 1, 1),
(897, 1, 260, 150, 'H1', 1, 1),
(898, 1, 260, 150, 'H2', 1, 1),
(899, 1, 260, 150, 'H3', 1, 1),
(900, 1, 260, 150, 'H4', 1, 1),
(901, 1, 260, 150, 'I1', 1, 1),
(902, 1, 260, 150, 'I2', 1, 1),
(903, 1, 260, 150, 'I3', 1, 1),
(904, 1, 260, 150, 'I4', 1, 1),
(905, 1, 260, 150, 'J1', 1, 1),
(906, 1, 260, 150, 'J2', 1, 1),
(907, 1, 260, 150, 'J3', 1, 1),
(908, 1, 260, 150, 'J4', 1, 1),
(909, 1, 260, 150, 'K1', 1, 1),
(910, 1, 260, 150, 'K2', 1, 1),
(911, 1, 260, 150, 'K3', 1, 1),
(912, 1, 260, 150, 'K4', 1, 1),
(913, 1, 260, 150, 'L1', 1, 1),
(914, 1, 260, 150, 'L2', 1, 1),
(915, 1, 260, 150, 'L3', 1, 1),
(916, 1, 260, 150, 'L4', 1, 1),
(917, 1, 260, 150, 'L5', 1, 1),
(918, 1, 261, 151, 'A1', 1, 2),
(919, 1, 261, 151, 'A2', 1, 1),
(920, 1, 261, 151, 'A3', 1, 1),
(921, 1, 261, 151, 'A4', 1, 1),
(922, 1, 261, 151, 'B1', 1, 1),
(923, 1, 261, 151, 'B2', 1, 1),
(924, 1, 261, 151, 'B3', 1, 1),
(925, 1, 261, 151, 'B4', 1, 1),
(926, 1, 261, 151, 'C1', 1, 1),
(927, 1, 261, 151, 'C2', 1, 1),
(928, 1, 261, 151, 'C3', 1, 1),
(929, 1, 261, 151, 'C4', 1, 1),
(930, 1, 261, 152, 'D1', 1, 1),
(931, 1, 261, 152, 'D2', 1, 1),
(932, 1, 261, 152, 'D3', 1, 1),
(933, 1, 261, 152, 'D4', 1, 1),
(934, 1, 261, 152, 'E1', 1, 1),
(935, 1, 261, 152, 'E2', 1, 1),
(936, 1, 261, 152, 'E3', 1, 1),
(937, 1, 261, 152, 'E4', 1, 1),
(938, 1, 261, 152, 'F1', 1, 1),
(939, 1, 261, 152, 'F2', 1, 1),
(940, 1, 261, 152, 'F3', 1, 1),
(941, 1, 261, 152, 'F4', 1, 1),
(942, 1, 261, 152, 'G1', 1, 1),
(943, 1, 261, 152, 'G2', 1, 1),
(944, 1, 261, 152, 'G3', 1, 1),
(945, 1, 261, 152, 'G4', 1, 1),
(946, 1, 261, 152, 'H1', 1, 1),
(947, 1, 261, 152, 'H2', 1, 1),
(948, 1, 261, 152, 'H3', 1, 1),
(949, 1, 261, 152, 'H4', 1, 1),
(950, 1, 261, 152, 'I1', 1, 1),
(951, 1, 261, 152, 'I2', 1, 1),
(952, 1, 261, 152, 'I3', 1, 1),
(953, 1, 261, 152, 'I4', 1, 1),
(954, 1, 261, 152, 'J1', 1, 1),
(955, 1, 261, 152, 'J2', 1, 1),
(956, 1, 261, 152, 'J3', 1, 1),
(957, 1, 261, 152, 'J4', 1, 1),
(958, 1, 261, 152, 'K1', 1, 1),
(959, 1, 261, 152, 'K2', 1, 1),
(960, 1, 261, 152, 'K3', 1, 1),
(961, 1, 261, 152, 'K4', 1, 1),
(962, 1, 261, 152, 'L1', 1, 1),
(963, 1, 261, 152, 'L2', 1, 1),
(964, 1, 261, 152, 'L3', 1, 1),
(965, 1, 261, 152, 'L4', 1, 1),
(966, 1, 261, 152, 'L5', 1, 1),
(967, 58, 262, 153, 'ِA1', 1, 1),
(968, 59, 262, 153, 'ِA2', 1, 1),
(969, 60, 262, 153, 'ِA3', 2, 1),
(970, 61, 262, 153, 'ِA4', 2, 1),
(971, 58, 263, 155, 'ِA1', 1, 1),
(972, 59, 263, 155, 'ِA2', 1, 1),
(973, 60, 263, 155, 'ِA3', 2, 1),
(974, 61, 263, 155, 'ِA4', 2, 1),
(975, 58, 264, 157, 'ِA1', 1, 1),
(976, 59, 264, 157, 'ِA2', 1, 1),
(977, 60, 264, 157, 'ِA3', 2, 1),
(978, 61, 264, 157, 'ِA4', 2, 1),
(979, 58, 265, 159, 'ِA1', 1, 1),
(980, 59, 265, 159, 'ِA2', 1, 1),
(981, 60, 265, 159, 'ِA3', 2, 1),
(982, 61, 265, 159, 'ِA4', 2, 1),
(983, 58, 266, 161, 'ِA1', 1, 1),
(984, 59, 266, 161, 'ِA2', 1, 1),
(985, 60, 266, 161, 'ِA3', 2, 1),
(986, 61, 266, 161, 'ِA4', 2, 1),
(987, 58, 267, 163, 'ِA1', 1, 1),
(988, 59, 267, 163, 'ِA2', 1, 1),
(989, 60, 267, 163, 'ِA3', 2, 1),
(990, 61, 267, 163, 'ِA4', 2, 1),
(991, 58, 268, 165, 'ِA1', 1, 1),
(992, 59, 268, 165, 'ِA2', 1, 1),
(993, 60, 268, 165, 'ِA3', 2, 1),
(994, 61, 268, 165, 'ِA4', 2, 1),
(995, 58, 269, 167, 'ِA1', 1, 1),
(996, 59, 269, 167, 'ِA2', 1, 1),
(997, 60, 269, 167, 'ِA3', 2, 1),
(998, 61, 269, 167, 'ِA4', 2, 1),
(999, 58, 270, 169, 'ِA1', 1, 1),
(1000, 59, 270, 169, 'ِA2', 1, 1),
(1001, 60, 270, 169, 'ِA3', 2, 1),
(1002, 61, 270, 169, 'ِA4', 2, 1),
(1003, 58, 271, 171, 'ِA1', 1, 1),
(1004, 59, 271, 171, 'ِA2', 1, 1),
(1005, 60, 271, 171, 'ِA3', 2, 1),
(1006, 61, 271, 171, 'ِA4', 2, 1),
(1007, 58, 272, 173, 'ِA1', 1, 1),
(1008, 59, 272, 173, 'ِA2', 1, 1),
(1009, 60, 272, 173, 'ِA3', 2, 1),
(1010, 61, 272, 173, 'ِA4', 2, 1),
(1011, 58, 273, 175, 'ِA1', 1, 1),
(1012, 59, 273, 175, 'ِA2', 1, 1),
(1013, 60, 273, 175, 'ِA3', 2, 1),
(1014, 61, 273, 175, 'ِA4', 2, 1),
(1015, 58, 274, 177, 'ِA1', 1, 1),
(1016, 59, 274, 177, 'ِA2', 1, 1),
(1017, 60, 274, 177, 'ِA3', 2, 1),
(1018, 61, 274, 177, 'ِA4', 2, 1),
(1019, 58, 275, 179, 'ِA1', 1, 1),
(1020, 59, 275, 179, 'ِA2', 1, 1),
(1021, 60, 275, 179, 'ِA3', 2, 1),
(1022, 61, 275, 179, 'ِA4', 2, 1),
(1023, 58, 276, 181, 'ِA1', 1, 1),
(1024, 59, 276, 181, 'ِA2', 1, 1),
(1025, 60, 276, 181, 'ِA3', 2, 1),
(1026, 61, 276, 181, 'ِA4', 2, 1),
(1027, 58, 277, 183, 'ِA1', 1, 1),
(1028, 59, 277, 183, 'ِA2', 1, 1),
(1029, 60, 277, 183, 'ِA3', 2, 1),
(1030, 61, 277, 183, 'ِA4', 2, 1),
(1031, 58, 278, 185, 'ِA1', 1, 1),
(1032, 59, 278, 185, 'ِA2', 1, 1),
(1033, 60, 278, 185, 'ِA3', 2, 1),
(1034, 61, 278, 185, 'ِA4', 2, 1),
(1035, 58, 279, 187, 'ِA1', 1, 1),
(1036, 59, 279, 186, 'ِA2', 1, 1),
(1037, 60, 279, 186, 'ِA3', 2, 1),
(1038, 61, 279, 186, 'ِA4', 2, 1),
(1039, 58, 280, 189, 'ِA1', 1, 1),
(1040, 59, 280, 188, 'ِA2', 1, 1),
(1041, 60, 280, 188, 'ِA3', 2, 1),
(1042, 61, 280, 188, 'ِA4', 2, 1),
(1043, 58, 281, 191, 'ِA1', 1, 1),
(1044, 59, 281, 190, 'ِA2', 1, 1),
(1045, 60, 281, 190, 'ِA3', 2, 1),
(1046, 61, 281, 190, 'ِA4', 2, 1),
(1047, 58, 282, 193, 'ِA1', 1, 1),
(1048, 59, 282, 192, 'ِA2', 1, 1),
(1049, 60, 282, 192, 'ِA3', 2, 1),
(1050, 61, 282, 192, 'ِA4', 2, 1),
(1051, 58, 283, 195, 'ِA1', 1, 1),
(1052, 59, 283, 194, 'ِA2', 1, 1),
(1053, 60, 283, 194, 'ِA3', 2, 1),
(1054, 61, 283, 194, 'ِA4', 2, 1),
(1055, 58, 284, 197, 'ِA1', 1, 1),
(1056, 59, 284, 196, 'ِA2', 1, 1),
(1057, 60, 284, 196, 'ِA3', 2, 1),
(1058, 61, 284, 196, 'ِA4', 2, 1),
(1059, 58, 285, 199, 'ِA1', 1, 1),
(1060, 59, 285, 198, 'ِA2', 1, 1),
(1061, 60, 285, 198, 'ِA3', 2, 1),
(1062, 61, 285, 198, 'ِA4', 2, 1),
(1063, 58, 286, 201, 'ِA1', 1, 1),
(1064, 59, 286, 200, 'ِA2', 1, 1),
(1065, 60, 286, 200, 'ِA3', 2, 1),
(1066, 61, 286, 200, 'ِA4', 2, 1),
(1067, 58, 287, 203, 'ِA1', 1, 1),
(1068, 59, 287, 202, 'ِA2', 1, 1),
(1069, 60, 287, 202, 'ِA3', 2, 1),
(1070, 61, 287, 202, 'ِA4', 2, 1),
(1071, 58, 288, 205, 'ِA1', 1, 1),
(1072, 59, 288, 204, 'ِA2', 1, 1),
(1073, 60, 288, 204, 'ِA3', 2, 1),
(1074, 61, 288, 204, 'ِA4', 2, 1),
(1075, 58, 289, 207, 'ِA1', 1, 1),
(1076, 59, 289, 206, 'ِA2', 1, 1),
(1077, 60, 289, 206, 'ِA3', 2, 1),
(1078, 61, 289, 206, 'ِA4', 2, 1),
(1079, 58, 290, 209, 'ِA1', 1, 1),
(1080, 59, 290, 208, 'ِA2', 1, 1),
(1081, 60, 290, 208, 'ِA3', 2, 1),
(1082, 61, 290, 208, 'ِA4', 2, 1),
(1083, 58, 291, 211, 'ِA1', 1, 1),
(1084, 59, 291, 210, 'ِA2', 1, 1),
(1085, 60, 291, 210, 'ِA3', 2, 1),
(1086, 61, 291, 210, 'ِA4', 2, 1),
(1087, 58, 292, 213, 'ِA1', 1, 1),
(1088, 59, 292, 212, 'ِA2', 1, 1),
(1089, 60, 292, 212, 'ِA3', 2, 1),
(1090, 61, 292, 212, 'ِA4', 2, 1),
(1091, 58, 293, 215, 'ِA1', 1, 1),
(1092, 59, 293, 214, 'ِA2', 1, 1),
(1093, 60, 293, 214, 'ِA3', 2, 1),
(1094, 61, 293, 214, 'ِA4', 2, 1),
(1095, 58, 294, 217, 'ِA1', 1, 1),
(1096, 59, 294, 216, 'ِA2', 1, 1),
(1097, 60, 294, 216, 'ِA3', 2, 1),
(1098, 61, 294, 216, 'ِA4', 2, 1),
(1099, 58, 295, 219, 'ِA1', 1, 1),
(1100, 59, 295, 218, 'ِA2', 1, 1),
(1101, 60, 295, 218, 'ِA3', 2, 1),
(1102, 61, 295, 218, 'ِA4', 2, 1),
(1103, 58, 296, 221, 'ِA1', 1, 1),
(1104, 59, 296, 220, 'ِA2', 1, 1),
(1105, 60, 296, 220, 'ِA3', 2, 1),
(1106, 61, 296, 220, 'ِA4', 2, 1),
(1107, 58, 297, 223, 'ِA1', 1, 1),
(1108, 59, 297, 222, 'ِA2', 1, 1),
(1109, 60, 297, 222, 'ِA3', 2, 1),
(1110, 61, 297, 222, 'ِA4', 2, 1),
(1111, 58, 298, 225, 'ِA1', 1, 1),
(1112, 59, 298, 224, 'ِA2', 1, 1),
(1113, 60, 298, 224, 'ِA3', 2, 1),
(1114, 61, 298, 224, 'ِA4', 2, 1),
(1115, 58, 299, 227, 'ِA1', 1, 1),
(1116, 59, 299, 226, 'ِA2', 1, 1),
(1117, 60, 299, 226, 'ِA3', 2, 1),
(1118, 61, 299, 226, 'ِA4', 2, 1),
(1119, 58, 300, 229, 'ِA1', 1, 1),
(1120, 59, 300, 228, 'ِA2', 1, 1),
(1121, 60, 300, 228, 'ِA3', 2, 1),
(1122, 61, 300, 228, 'ِA4', 2, 1),
(1123, 58, 301, 231, 'ِA1', 1, 1),
(1124, 59, 301, 230, 'ِA2', 1, 1),
(1125, 60, 301, 230, 'ِA3', 2, 1),
(1126, 61, 301, 230, 'ِA4', 2, 1),
(1127, 58, 302, 233, 'ِA1', 1, 1),
(1128, 59, 302, 232, 'ِA2', 1, 1),
(1129, 60, 302, 232, 'ِA3', 2, 1),
(1130, 61, 302, 232, 'ِA4', 2, 1),
(1131, 58, 303, 235, 'ِA1', 1, 1),
(1132, 59, 303, 234, 'ِA2', 1, 1),
(1133, 60, 303, 234, 'ِA3', 2, 1),
(1134, 61, 303, 234, 'ِA4', 2, 1),
(1135, 58, 304, 237, 'ِA1', 1, 1),
(1136, 59, 304, 236, 'ِA2', 1, 1),
(1137, 60, 304, 236, 'ِA3', 2, 1),
(1138, 61, 304, 236, 'ِA4', 2, 1),
(1139, 58, 305, 239, 'ِA1', 1, 1),
(1140, 59, 305, 238, 'ِA2', 1, 1),
(1141, 60, 305, 238, 'ِA3', 2, 1),
(1142, 61, 305, 238, 'ِA4', 2, 1),
(1143, 58, 306, 241, 'ِA1', 1, 1),
(1144, 59, 306, 240, 'ِA2', 1, 1),
(1145, 60, 306, 240, 'ِA3', 2, 1),
(1146, 61, 306, 240, 'ِA4', 2, 1),
(1147, 1, 307, 242, 'A1', 1, 1),
(1148, 2, 307, 242, 'A2', 1, 1),
(1149, 3, 307, 242, 'A3', 1, 1),
(1150, 4, 307, 242, 'A4', 1, 1),
(1151, 5, 307, 242, 'B1', 1, 1),
(1152, 6, 307, 242, 'B2', 1, 1),
(1153, 7, 307, 242, 'B3', 1, 1),
(1154, 8, 307, 242, 'B4', 1, 1),
(1155, 9, 307, 242, 'C1', 1, 1),
(1156, 10, 307, 242, 'C2', 1, 1),
(1157, 11, 307, 242, 'C3', 1, 1),
(1158, 12, 307, 242, 'C4', 1, 1),
(1159, 13, 307, 243, 'D1', 1, 1),
(1160, 14, 307, 243, 'D2', 1, 1),
(1161, 15, 307, 243, 'D3', 1, 1),
(1162, 16, 307, 243, 'D4', 1, 1),
(1163, 17, 307, 243, 'E1', 1, 1),
(1164, 18, 307, 243, 'E2', 1, 1),
(1165, 19, 307, 243, 'E3', 1, 1),
(1166, 20, 307, 243, 'E4', 1, 1),
(1167, 21, 307, 243, 'F1', 1, 1),
(1168, 22, 307, 243, 'F2', 1, 1),
(1169, 23, 307, 243, 'F3', 1, 1),
(1170, 24, 307, 243, 'F4', 1, 1),
(1171, 25, 307, 243, 'G1', 1, 1),
(1172, 26, 307, 243, 'G2', 1, 1),
(1173, 27, 307, 243, 'G3', 1, 1),
(1174, 28, 307, 243, 'G4', 1, 1),
(1175, 29, 307, 243, 'H1', 1, 1),
(1176, 30, 307, 243, 'H2', 1, 1),
(1177, 31, 307, 243, 'H3', 1, 1),
(1178, 32, 307, 243, 'H4', 1, 1),
(1179, 33, 307, 243, 'I1', 1, 1),
(1180, 34, 307, 243, 'I2', 1, 1),
(1181, 35, 307, 243, 'I3', 1, 1),
(1182, 36, 307, 243, 'I4', 1, 1),
(1183, 37, 307, 243, 'J1', 1, 1),
(1184, 38, 307, 243, 'J2', 1, 1),
(1185, 39, 307, 243, 'J3', 1, 1),
(1186, 40, 307, 243, 'J4', 1, 1),
(1187, 41, 307, 243, 'K1', 1, 1),
(1188, 42, 307, 243, 'K2', 1, 1),
(1189, 43, 307, 243, 'K3', 1, 1),
(1190, 44, 307, 243, 'K4', 1, 1),
(1191, 45, 307, 243, 'L1', 1, 1),
(1192, 46, 307, 243, 'L2', 1, 1),
(1193, 47, 307, 243, 'L3', 1, 1),
(1194, 48, 307, 243, 'L4', 1, 1),
(1195, 49, 307, 243, 'L5', 1, 1),
(1196, 1, 308, 244, 'A1', 1, 1),
(1197, 2, 308, 244, 'A2', 1, 1),
(1198, 3, 308, 244, 'A3', 1, 1),
(1199, 4, 308, 244, 'A4', 1, 1),
(1200, 5, 308, 244, 'B1', 1, 1),
(1201, 6, 308, 244, 'B2', 1, 1),
(1202, 7, 308, 244, 'B3', 1, 1),
(1203, 8, 308, 244, 'B4', 1, 1),
(1204, 9, 308, 244, 'C1', 1, 1),
(1205, 10, 308, 244, 'C2', 1, 1),
(1206, 11, 308, 244, 'C3', 1, 1),
(1207, 12, 308, 244, 'C4', 1, 1),
(1208, 13, 308, 245, 'D1', 1, 1),
(1209, 14, 308, 245, 'D2', 1, 1),
(1210, 15, 308, 245, 'D3', 1, 1),
(1211, 16, 308, 245, 'D4', 1, 1),
(1212, 17, 308, 245, 'E1', 1, 1),
(1213, 18, 308, 245, 'E2', 1, 1),
(1214, 19, 308, 245, 'E3', 1, 1),
(1215, 20, 308, 245, 'E4', 1, 1),
(1216, 21, 308, 245, 'F1', 1, 1),
(1217, 22, 308, 245, 'F2', 1, 1),
(1218, 23, 308, 245, 'F3', 1, 1),
(1219, 24, 308, 245, 'F4', 1, 1),
(1220, 25, 308, 245, 'G1', 1, 1),
(1221, 26, 308, 245, 'G2', 1, 1),
(1222, 27, 308, 245, 'G3', 1, 1),
(1223, 28, 308, 245, 'G4', 1, 1),
(1224, 29, 308, 245, 'H1', 1, 1),
(1225, 30, 308, 245, 'H2', 1, 1),
(1226, 31, 308, 245, 'H3', 1, 1),
(1227, 32, 308, 245, 'H4', 1, 1),
(1228, 33, 308, 245, 'I1', 1, 1),
(1229, 34, 308, 245, 'I2', 1, 1),
(1230, 35, 308, 245, 'I3', 1, 1),
(1231, 36, 308, 245, 'I4', 1, 1),
(1232, 37, 308, 245, 'J1', 1, 1),
(1233, 38, 308, 245, 'J2', 1, 1),
(1234, 39, 308, 245, 'J3', 1, 1),
(1235, 40, 308, 245, 'J4', 1, 1),
(1236, 41, 308, 245, 'K1', 1, 1),
(1237, 42, 308, 245, 'K2', 1, 1),
(1238, 43, 308, 245, 'K3', 1, 1),
(1239, 44, 308, 245, 'K4', 1, 1),
(1240, 45, 308, 245, 'L1', 1, 1),
(1241, 46, 308, 245, 'L2', 1, 1),
(1242, 47, 308, 245, 'L3', 1, 1),
(1243, 48, 308, 245, 'L4', 1, 1),
(1244, 49, 308, 245, 'L5', 1, 1),
(1245, 58, 309, 247, 'ِA1', 1, 1),
(1246, 59, 309, 246, 'ِA2', 1, 1),
(1247, 60, 309, 246, 'ِA3', 2, 1),
(1248, 61, 309, 246, 'ِA4', 2, 1);

-- --------------------------------------------------------

--
-- بنية الجدول `trip_statuses`
--

CREATE TABLE `trip_statuses` (
  `status_id` int(11) NOT NULL,
  `name` varchar(50) NOT NULL
) ENGINE=InnoDB DEFAULT CHARSET=utf8mb4 COLLATE=utf8mb4_unicode_ci;

--
-- إرجاع أو استيراد بيانات الجدول `trip_statuses`
--

INSERT INTO `trip_statuses` (`status_id`, `name`) VALUES
(5, 'Cancelled'),
(4, 'Completed'),
(3, 'Departed'),
(1, 'Pending-Assignment'),
(2, 'Scheduled');

-- --------------------------------------------------------

--
-- بنية الجدول `users`
--

CREATE TABLE `users` (
  `user_id` int(10) UNSIGNED NOT NULL,
  `role_id` tinyint(3) UNSIGNED NOT NULL,
  `full_name` varchar(100) NOT NULL,
  `email` varchar(128) NOT NULL,
  `phone_number` varchar(25) NOT NULL,
  `gender_id` int(11) DEFAULT NULL,
  `nationality_id` int(11) DEFAULT NULL,
  `hashed_password` varchar(255) NOT NULL,
  `is_active` tinyint(1) NOT NULL DEFAULT 1,
  `created_at` timestamp NOT NULL DEFAULT current_timestamp(),
  `updated_at` timestamp NOT NULL DEFAULT current_timestamp() ON UPDATE current_timestamp()
) ENGINE=InnoDB DEFAULT CHARSET=utf8mb4 COLLATE=utf8mb4_unicode_ci COMMENT='جدول المستخدمين المركزي';

--
-- إرجاع أو استيراد بيانات الجدول `users`
--

INSERT INTO `users` (`user_id`, `role_id`, `full_name`, `email`, `phone_number`, `gender_id`, `nationality_id`, `hashed_password`, `is_active`, `created_at`, `updated_at`) VALUES
(1, 2, 'Another Test User', 'another.test@example.com', '987654321', NULL, NULL, '$2b$12$GYCsmD.qs1bpgwDOOfWncO3s5WoNroE7GcyC3QACoaauoXsnxG9Ca', 1, '2025-11-13 03:15:42', '2025-11-13 03:15:42'),
(2, 2, 'Test User', 'test.test@example.com', '983334321', NULL, NULL, '$2b$12$VfhSgi9v/XhI3EmtOX2Rp.jbeirqLMSpig/Q1vMjr1zIHduyZkiwi', 1, '2025-11-13 03:18:40', '2025-11-13 03:18:40'),
(3, 2, 'userTest', 'userTest@example.com', '1122334455', NULL, NULL, '$2b$12$gdok.ZMrW6po/hVR0FFPKenGuUwDbqn/EzjB0PdiS//stvFlIzWIm', 1, '2025-11-13 03:33:55', '2025-11-13 03:33:55'),
(4, 2, 'userTest2', 'userTest2@example.com', '21122334455', NULL, NULL, '$2b$12$nnjEVoTFOAhRfEL2gGTNKuz0ptFlSXe6HSBQL.qnKT7xWV05t8Uvq', 1, '2025-11-13 03:39:35', '2025-11-13 03:39:35'),
(5, 1, 'admin', 'admin@example.com', '11221122', NULL, NULL, '$2b$12$e.U7n6uKZQwytQtu6zS.3e/9mbT41y6cEOYAT3OMpjOOv3M550egy', 1, '2025-11-13 19:16:19', '2025-12-10 23:29:49'),
(6, 2, 'علي المسافر', 'traveler@example.com', '967777000101', NULL, NULL, '$2b$12$XIpyTUC/HN/gzKAm3mpiG.AB0Qbfj7ompwxCqHjmh.tfKW7d2hRVO', 1, '2025-11-13 23:41:58', '2025-11-13 23:41:58'),
(7, 2, 'شركة اليمامة للنقل', 'partner.yamama@example.com', '967777000102', NULL, NULL, '$2b$12$Iz8CCwomXra1PMorj3ntHON0AGplBU1W6hUdjgj1TdBUYDjzvizge', 1, '2025-11-13 23:42:54', '2025-11-13 23:42:54'),
(8, 4, 'userW', 'userW@example.com', '1111223344', NULL, NULL, '$2b$12$9pS3Vi5W.UbSWI88/gQF3OXSy.wcoHc2s.Z.zSAtugsVXhGt5Rx/W', 1, '2025-11-14 04:07:43', '2025-11-19 20:31:29'),
(9, 2, 'userX', 'userX@example.com', '11112233221', NULL, NULL, '$2b$12$t6zCgzZUTbzxfby3sbuadeZm9jp38jZn1OGErMhc/wrMVPu/8mnv2', 1, '2025-11-14 05:32:32', '2025-11-14 05:32:32'),
(10, 2, 'userN', 'userN@example.com', '44556677', NULL, NULL, '$2b$12$JNUo1fS0Vdk3r3HHbh99NusbinGeRgAOCtP1M1ZSU3UJtOQsELJGq', 1, '2025-11-14 08:12:46', '2025-11-14 08:12:46'),
(11, 2, 'pop', 'pop@example.com', '55443322', NULL, NULL, '$2b$12$7nVvItutmthZtznkk76eLuAtZ4cKfssffrqINtsV2d9eGz/JOYsy6', 1, '2025-11-17 02:18:32', '2025-11-17 02:18:32'),
(12, 2, 'pop2', 'pop2@example.com', '155443322', NULL, NULL, '$2b$12$mdvqZZTNH/ZoUwvj1jhrieqUluUirX/0tuXlhIoutjF.fazIL87sS', 1, '2025-11-17 02:35:39', '2025-11-17 02:35:39'),
(13, 4, 'علي ناجي', 'aliNajee@example.com', '1232123', NULL, NULL, '$2b$12$LmlCZVj4ai9eEn2vOobGCOG9NQbEhVk4Hf.FYs3haXo5.5cEM9.AO', 1, '2025-11-19 20:56:49', '2025-11-19 20:56:49'),
(14, 4, 'علي قاسم', 'aliqassem@example.com', '12432123', NULL, NULL, '$2b$12$3X/aDdNRfoH1/cLVZ0CdSOSj8y2Pf0t5vfbxXjN6JMF2F8deebeN6', 1, '2025-11-19 21:38:13', '2025-11-19 21:38:13'),
(15, 4, 'yerf gg', 'yr@example.com', '11232233', NULL, NULL, '$2b$12$bl6ckbGKX5CxMr7i5c.roeQdhbfKc9D9A.qAg9YrOb9.zhs5D2Io.', 1, '2025-11-19 22:22:58', '2025-11-19 22:22:58'),
(16, 4, 'yerf gg', 'yrw@example.com', '112322233', NULL, NULL, '$2b$12$v1f2IJMethLP.eQ65LoIvuEwnwYdagNVuNXEYXBrW7DS3ibr87zmK', 1, '2025-11-19 22:27:29', '2025-11-19 22:27:29'),
(19, 2, 'Wassem', 'Wassem@example.com', '1122112233', NULL, NULL, '$2b$12$tqDtsL4cdP7UEr8zGUDaXOopcaR5nFDSZUmksJJbe75GgSg2FL7.O', 1, '2025-11-20 14:13:32', '2025-11-20 14:13:32'),
(20, 4, 'سائق علي ناجي', 'driverAliNajee@example.com', '556644', NULL, NULL, '$2b$12$NmFYwdHNRaUU7LHIWBlSJ.4k1fMeVRFSMORh70AgtcD2pkPcaVs5.', 1, '2025-11-21 15:43:46', '2025-11-21 15:43:46'),
(21, 4, 'Driver UserTeset', 'ds@example.com', '6734', NULL, NULL, '$2b$12$oMnoa7IuN5G5GkMQ44U.Fe2setEca6/t96KAfrcO0iFeWl1uhYAl2', 1, '2025-11-21 19:32:38', '2025-11-21 19:32:38'),
(22, 4, 'DriverBy UserTeset', 'dsby@example.com', '16734', NULL, NULL, '$2b$12$MYUB9/MP/upfF5wCwhetFuP0k98YFFAuNWJuWHRdEeLi6QJjfBgdW', 1, '2025-11-21 20:20:10', '2025-11-21 20:20:10'),
(23, 4, 'DriverByy UserTeset', 'dsbyy@example.com', '167134', NULL, NULL, '$2b$12$oGiJ7E30yCpe.0B5XeI6hOewVAXdk3.s88rFc0gE1.Z4NRnBcm0Hi', 1, '2025-11-21 20:27:03', '2025-11-21 20:27:03'),
(24, 2, 'Ali Al-Ahmed', 'aa@example.com', '1123322', NULL, NULL, '$2b$12$N10s59LxI5Evbow/KhRCbODFX8VyL.md9/11iQPj8IVrbnzmlSBeW', 1, '2025-11-24 19:24:41', '2025-11-24 19:24:41'),
(25, 2, 'Fsour Al-Ahmed', 'fsour@example.com', '11233y22', 1, 1, '$2b$12$g.qfhXn9XouDUA2RHCu5QOYcSqETxlgUXGKu4LrvNCUXYuGN.hPFy', 1, '2025-11-24 19:27:37', '2025-11-24 19:27:37'),
(29, 2, 'udfAl-Ahmed', 'udf@example.com', '1123n73y22', 1, 1, '$2b$12$huk0l5jcIK2aJNEw4ZqyxuPkyNBhBIO.jAFlS3FJSrR.T.4zsMkKS', 1, '2025-11-24 19:54:15', '2025-11-24 19:54:15'),
(38, 2, 'uedmfAl-Ahmed', 'uedmf@example.com', '1612e3n73y22', 1, 1, '$2b$12$X3Bj77mxDj6JUasj8EKMh.fA8r2A/57YrLwOuuzj0YnfXrj7gapa.', 1, '2025-11-24 20:50:49', '2025-11-24 20:50:49'),
(39, 4, 'fgsdgfs', 'fgsdgfs@example.com', 'dfsfs324', NULL, NULL, '$2b$12$3K36Saf3JGWPnBX3mrLHjO4CzCSHAfFrXwWwzHyQ.p/uIL3xuzaSS', 1, '2025-11-24 21:41:05', '2025-11-24 21:41:05'),
(48, 2, 'Ali Al-Ahmed', 'zz@example.com', '55a443322', 1, 1, '$2b$12$F7T9vG0JnrlDRzKEKGTz8OxZqpq3Dr3PWFs/KbM/lq4q5Ry2.8m/6', 1, '2025-11-30 22:16:54', '2025-11-30 22:16:54'),
(49, 2, 'ooo', 'oo@example.com', '11q2233', 1, 1, '$2b$12$/9XMuI0CVhunNeQ7S7Xr9u99ozkOMsEU.oMHwJpkMDZyukhtGSt1O', 1, '2025-11-30 22:21:01', '2025-11-30 22:21:01'),
(50, 0, 'ere', 'ere@example.com', 'eeff', 1, 2, '$2b$12$DnXOF2baGQvmbi6yKfnd8e7fWtSDtlS9WEr54LAB.LI46QYoqo13m', 1, '2025-12-09 03:26:55', '2025-12-09 03:26:55'),
(51, 0, 'ere', 'eree@example.com', 'ee5ff', 1, 2, '$2b$12$T5XDw9zJQCSU0198D9SdZ..JaOjUOMl3rwPW4Fkaxfv4CJLRsxRRK', 1, '2025-12-09 03:28:53', '2025-12-09 03:28:53'),
(52, 0, 'drr', 'drr@example.com', 'efre5ff', 1, 2, '$2b$12$VF56RC4QLy4dGbzAoNN4euqgy6YOChZPt8FWpoCqCGnjJnQGV1Oby', 1, '2025-12-09 03:36:36', '2025-12-09 03:36:36'),
(53, 0, 'drsdr', 'drsdr@example.com', 'efrdse5ff', 1, 2, '$2b$12$v7zr.a8TCLEUyurvT714YebAT2TpOqQg.WtvrI3mYptFZ0bMnC/Fa', 1, '2025-12-09 03:46:16', '2025-12-09 03:46:16'),
(54, 0, 'drsddr', 'drsddr@example.com', 'edfrdse5ff', 1, 2, '$2b$12$8IUPyu8Sas09Ptdkb5YeKudXbfvKABxDPox9egDINbZcOOUZKinTu', 1, '2025-12-09 03:48:16', '2025-12-09 03:48:16'),
(55, 0, 'drdsddr', 'drsdddr@example.com', 'edfrddse5ff', 1, 2, '$2b$12$Gui5aZ9hPM0NGrdNJsFTJegTuiIjhuDIu963.5MP/NfwmO4pkpiXG', 1, '2025-12-09 03:53:45', '2025-12-09 03:53:45'),
(56, 0, 'jkk ok', 'jkkk@example.com', '9789uyh', 1, 1, '$2b$12$pCFJ2XAltRgzVEkw6EQ7iunAsrq6JtNo5n9ovnZnwbvRRlxWitgam', 1, '2025-12-10 01:22:03', '2025-12-10 01:22:03'),
(57, 0, 'jjj', 'jjj@example.com', 'jjj9900', 2, 1, '$2b$12$Fl2M8kUB0KqsiYcJc.y20.9Y54L.BkF0bZG/QjGkmJXI/7W2GYg16', 1, '2025-12-10 23:01:39', '2025-12-10 23:01:39');

-- --------------------------------------------------------

--
-- بنية الجدول `user_roles`
--

CREATE TABLE `user_roles` (
  `user_id` int(10) UNSIGNED NOT NULL COMMENT 'المفتاح الخارجي لجدول المستخدمين',
  `role_id` int(10) UNSIGNED NOT NULL,
  `created_at` timestamp NOT NULL DEFAULT current_timestamp()
) ENGINE=InnoDB DEFAULT CHARSET=utf8mb4 COLLATE=utf8mb4_general_ci;

--
-- إرجاع أو استيراد بيانات الجدول `user_roles`
--

INSERT INTO `user_roles` (`user_id`, `role_id`, `created_at`) VALUES
(3, 3, '2025-12-09 02:43:41'),
(5, 1, '2025-12-10 23:31:33'),
(49, 6, '2025-12-12 23:55:23'),
(50, 2, '2025-12-09 03:26:55'),
(51, 2, '2025-12-09 03:28:53'),
(52, 2, '2025-12-09 03:36:36'),
(53, 2, '2025-12-09 03:46:16'),
(54, 2, '2025-12-09 03:48:16'),
(55, 2, '2025-12-09 03:53:45'),
(56, 2, '2025-12-10 01:22:03'),
(57, 12, '2025-12-15 17:04:02');

--
-- Indexes for dumped tables
--

--
-- Indexes for table `alembic_version`
--
ALTER TABLE `alembic_version`
  ADD PRIMARY KEY (`version_num`);

--
-- Indexes for table `bookings`
--
ALTER TABLE `bookings`
  ADD PRIMARY KEY (`booking_id`),
  ADD UNIQUE KEY `uq_bookings_reference` (`booking_reference`),
  ADD KEY `fk_bookings_users` (`user_id`),
  ADD KEY `fk_bookings_status` (`status_id`),
  ADD KEY `fk_bookings_trips_idx` (`trip_id`);

--
-- Indexes for table `booking_seats`
--
ALTER TABLE `booking_seats`
  ADD PRIMARY KEY (`booking_seat_id`),
  ADD KEY `fk_booking_seats_bookings_idx` (`booking_id`),
  ADD KEY `fk_booking_seats_trip_seats_idx` (`trip_seat_id`),
  ADD KEY `fk_booking_seats_status_idx` (`status_id`),
  ADD KEY `fk_booking_seats_gender` (`gender_id`),
  ADD KEY `fk_booking_seats_nationality` (`nationality_id`),
  ADD KEY `fk_booking_seats_doc_type` (`document_type_id`);

--
-- Indexes for table `booking_statuses`
--
ALTER TABLE `booking_statuses`
  ADD PRIMARY KEY (`status_id`),
  ADD UNIQUE KEY `name` (`name`);

--
-- Indexes for table `buses`
--
ALTER TABLE `buses`
  ADD PRIMARY KEY (`bus_id`),
  ADD UNIQUE KEY `uq_buses_license_plate` (`license_plate`),
  ADD KEY `fk_buses_partners` (`partner_id`),
  ADD KEY `fk_buses_status_new` (`status_id`),
  ADD KEY `fk_bus_layout` (`layout_id`);

--
-- Indexes for table `bus_classes`
--
ALTER TABLE `bus_classes`
  ADD PRIMARY KEY (`class_id`),
  ADD UNIQUE KEY `name_UNIQUE` (`name`);

--
-- Indexes for table `bus_layouts`
--
ALTER TABLE `bus_layouts`
  ADD PRIMARY KEY (`layout_id`),
  ADD KEY `fk_layout_partner` (`partner_id`);

--
-- Indexes for table `bus_layout_seats`
--
ALTER TABLE `bus_layout_seats`
  ADD PRIMARY KEY (`layout_seat_id`),
  ADD UNIQUE KEY `uq_layout_seat_number` (`layout_id`,`seat_number`) COMMENT 'يضمن عدم تكرار رقم المقعد في نفس التخطيط',
  ADD KEY `class_id` (`class_id`);

--
-- Indexes for table `bus_statuses`
--
ALTER TABLE `bus_statuses`
  ADD PRIMARY KEY (`status_id`),
  ADD UNIQUE KEY `name_UNIQUE` (`name`);

--
-- Indexes for table `cancellation_policies`
--
ALTER TABLE `cancellation_policies`
  ADD PRIMARY KEY (`policy_id`),
  ADD KEY `fk_cancellation_policies_partners` (`partner_id`);

--
-- Indexes for table `cancellation_policy_rules`
--
ALTER TABLE `cancellation_policy_rules`
  ADD PRIMARY KEY (`rule_id`),
  ADD KEY `fk_cancellation_rules_policies` (`policy_id`);

--
-- Indexes for table `cities`
--
ALTER TABLE `cities`
  ADD PRIMARY KEY (`city_id`),
  ADD KEY `idx_cities_name` (`name`),
  ADD KEY `fk_cities_countries` (`country_id`);

--
-- Indexes for table `countries`
--
ALTER TABLE `countries`
  ADD PRIMARY KEY (`country_id`),
  ADD UNIQUE KEY `uq_countries_name` (`name`),
  ADD UNIQUE KEY `uq_countries_code` (`code`);

--
-- Indexes for table `document_action_logs`
--
ALTER TABLE `document_action_logs`
  ADD PRIMARY KEY (`log_id`),
  ADD KEY `fk_log_document_id_idx` (`document_id`),
  ADD KEY `fk_log_user_id_idx` (`action_by_user_id`),
  ADD KEY `fk_logs_action_type` (`action_type_id`);

--
-- Indexes for table `document_action_types`
--
ALTER TABLE `document_action_types`
  ADD PRIMARY KEY (`type_id`),
  ADD UNIQUE KEY `uq_document_action_types_name` (`name`);

--
-- Indexes for table `document_statuses`
--
ALTER TABLE `document_statuses`
  ADD PRIMARY KEY (`status_id`),
  ADD UNIQUE KEY `name_UNIQUE` (`name`);

--
-- Indexes for table `drivers`
--
ALTER TABLE `drivers`
  ADD PRIMARY KEY (`driver_id`),
  ADD UNIQUE KEY `uq_drivers_user` (`user_id`),
  ADD UNIQUE KEY `uq_drivers_license` (`license_number`),
  ADD KEY `fk_drivers_partners` (`partner_id`),
  ADD KEY `fk_drivers_status` (`status_id`);

--
-- Indexes for table `driver_statuses`
--
ALTER TABLE `driver_statuses`
  ADD PRIMARY KEY (`status_id`),
  ADD UNIQUE KEY `name` (`name`);

--
-- Indexes for table `driver_trip_roles`
--
ALTER TABLE `driver_trip_roles`
  ADD PRIMARY KEY (`role_id`),
  ADD UNIQUE KEY `name` (`name`);

--
-- Indexes for table `fares`
--
ALTER TABLE `fares`
  ADD PRIMARY KEY (`fare_id`),
  ADD KEY `fk_fares_class` (`class_id`),
  ADD KEY `uq_fares_trip_class` (`trip_id`) USING BTREE;

--
-- Indexes for table `genders`
--
ALTER TABLE `genders`
  ADD PRIMARY KEY (`gender_id`),
  ADD UNIQUE KEY `uq_genders_name` (`name`);

--
-- Indexes for table `nationalities`
--
ALTER TABLE `nationalities`
  ADD PRIMARY KEY (`nationality_id`),
  ADD UNIQUE KEY `uq_nationalities_name_ar` (`name_ar`),
  ADD UNIQUE KEY `uq_nationalities_name_en` (`name_en`);

--
-- Indexes for table `partners`
--
ALTER TABLE `partners`
  ADD PRIMARY KEY (`partner_id`),
  ADD UNIQUE KEY `uq_partners_user` (`user_id`),
  ADD KEY `fk_partners_status` (`status_id`);

--
-- Indexes for table `partner_branches`
--
ALTER TABLE `partner_branches`
  ADD PRIMARY KEY (`branch_id`),
  ADD KEY `fk_partner_branches_partners` (`partner_id`),
  ADD KEY `fk_partner_branches_cities` (`city_id`);

--
-- Indexes for table `partner_documents`
--
ALTER TABLE `partner_documents`
  ADD PRIMARY KEY (`document_id`),
  ADD KEY `fk_partner_documents_partners_idx` (`partner_id`),
  ADD KEY `fk_partner_documents_types_idx` (`document_type_id`),
  ADD KEY `fk_partner_documents_statuses_idx` (`status_id`);

--
-- Indexes for table `partner_document_types`
--
ALTER TABLE `partner_document_types`
  ADD PRIMARY KEY (`type_id`),
  ADD UNIQUE KEY `name_UNIQUE` (`name`);

--
-- Indexes for table `partner_employees`
--
ALTER TABLE `partner_employees`
  ADD PRIMARY KEY (`employee_id`),
  ADD UNIQUE KEY `uq_partner_employees_user` (`user_id`),
  ADD KEY `fk_partner_employees_partners` (`partner_id`),
  ADD KEY `fk_partner_employees_branches` (`branch_id`);

--
-- Indexes for table `partner_settlements`
--
ALTER TABLE `partner_settlements`
  ADD PRIMARY KEY (`settlement_id`),
  ADD KEY `fk_partner_settlements_partners` (`partner_id`);

--
-- Indexes for table `partner_statuses`
--
ALTER TABLE `partner_statuses`
  ADD PRIMARY KEY (`status_id`),
  ADD UNIQUE KEY `name_UNIQUE` (`name`);

--
-- Indexes for table `passenger_document_types`
--
ALTER TABLE `passenger_document_types`
  ADD PRIMARY KEY (`type_id`),
  ADD UNIQUE KEY `uq_passenger_doc_types_name` (`name`);

--
-- Indexes for table `passenger_relationships`
--
ALTER TABLE `passenger_relationships`
  ADD PRIMARY KEY (`relationship_id`),
  ADD UNIQUE KEY `uq_passenger_relationships_name` (`name`);

--
-- Indexes for table `permissions`
--
ALTER TABLE `permissions`
  ADD PRIMARY KEY (`id`),
  ADD UNIQUE KEY `name_UNIQUE` (`name`);

--
-- Indexes for table `roles`
--
ALTER TABLE `roles`
  ADD PRIMARY KEY (`id`),
  ADD UNIQUE KEY `name_UNIQUE` (`name`),
  ADD KEY `fk_roles_partner` (`partner_id`);

--
-- Indexes for table `role_permissions`
--
ALTER TABLE `role_permissions`
  ADD PRIMARY KEY (`role_id`,`permission_id`),
  ADD KEY `fk_role_permissions_permission_id_idx` (`permission_id`);

--
-- Indexes for table `routes`
--
ALTER TABLE `routes`
  ADD PRIMARY KEY (`route_id`);

--
-- Indexes for table `route_stops`
--
ALTER TABLE `route_stops`
  ADD PRIMARY KEY (`route_stop_id`),
  ADD UNIQUE KEY `uq_route_stops_order` (`route_id`,`stop_order`),
  ADD KEY `fk_route_stops_cities` (`city_id`);

--
-- Indexes for table `saved_passengers`
--
ALTER TABLE `saved_passengers`
  ADD PRIMARY KEY (`saved_passenger_id`),
  ADD KEY `fk_saved_passengers_users` (`user_id`),
  ADD KEY `fk_saved_passengers_gender` (`gender_id`),
  ADD KEY `fk_saved_passengers_nationality` (`nationality_id`),
  ADD KEY `fk_saved_passengers_doc_type` (`document_type_id`),
  ADD KEY `fk_saved_passengers_relationship` (`relationship_id`);

--
-- Indexes for table `schedules`
--
ALTER TABLE `schedules`
  ADD PRIMARY KEY (`schedule_id`),
  ADD KEY `fk_schedules_partners` (`partner_id`),
  ADD KEY `fk_schedules_routes` (`route_id`);

--
-- Indexes for table `schedule_recurrence_rules`
--
ALTER TABLE `schedule_recurrence_rules`
  ADD PRIMARY KEY (`rule_id`),
  ADD KEY `fk_schedule_rules_schedules` (`schedule_id`);

--
-- Indexes for table `seat_statuses`
--
ALTER TABLE `seat_statuses`
  ADD PRIMARY KEY (`status_id`),
  ADD UNIQUE KEY `name` (`name`);

--
-- Indexes for table `ticket_statuses`
--
ALTER TABLE `ticket_statuses`
  ADD PRIMARY KEY (`status_id`),
  ADD UNIQUE KEY `name` (`name`);

--
-- Indexes for table `transactions`
--
ALTER TABLE `transactions`
  ADD PRIMARY KEY (`transaction_id`),
  ADD KEY `fk_transactions_bookings` (`booking_id`),
  ADD KEY `fk_transactions_status` (`status_id`),
  ADD KEY `fk_transactions_type` (`type_id`);

--
-- Indexes for table `transaction_statuses`
--
ALTER TABLE `transaction_statuses`
  ADD PRIMARY KEY (`status_id`),
  ADD UNIQUE KEY `uq_transaction_statuses_name` (`name`);

--
-- Indexes for table `transaction_types`
--
ALTER TABLE `transaction_types`
  ADD PRIMARY KEY (`type_id`),
  ADD UNIQUE KEY `uq_transaction_types_name` (`name`);

--
-- Indexes for table `trips`
--
ALTER TABLE `trips`
  ADD PRIMARY KEY (`trip_id`),
  ADD KEY `idx_trips_departure` (`departure_time`),
  ADD KEY `fk_trips_schedules` (`schedule_id`),
  ADD KEY `fk_trips_partners` (`partner_id`),
  ADD KEY `fk_trips_buses` (`bus_id`),
  ADD KEY `fk_trips_routes` (`route_id`),
  ADD KEY `fk_trips_status` (`status_id`),
  ADD KEY `cancellation_policy_id` (`cancellation_policy_id`);

--
-- Indexes for table `trip_drivers`
--
ALTER TABLE `trip_drivers`
  ADD PRIMARY KEY (`trip_driver_id`),
  ADD UNIQUE KEY `uq_trip_drivers_assignment` (`trip_id`,`driver_id`),
  ADD KEY `fk_trip_drivers_drivers` (`driver_id`),
  ADD KEY `fk_trip_drivers_role` (`role_id`);

--
-- Indexes for table `trip_seats`
--
ALTER TABLE `trip_seats`
  ADD PRIMARY KEY (`seat_id`),
  ADD UNIQUE KEY `uq_trip_seats_number` (`trip_id`,`seat_number`),
  ADD KEY `fk_trip_seats_fares` (`fare_id`),
  ADD KEY `fk_trip_seats_status` (`status_id`),
  ADD KEY `fk_trip_seats_bus_layout_seat_id` (`bus_layout_seat_id`);

--
-- Indexes for table `trip_statuses`
--
ALTER TABLE `trip_statuses`
  ADD PRIMARY KEY (`status_id`),
  ADD UNIQUE KEY `name_UNIQUE` (`name`);

--
-- Indexes for table `users`
--
ALTER TABLE `users`
  ADD PRIMARY KEY (`user_id`),
  ADD UNIQUE KEY `uq_users_email` (`email`),
  ADD UNIQUE KEY `uq_users_phone` (`phone_number`),
  ADD KEY `fk_users_gender` (`gender_id`),
  ADD KEY `fk_users_nationality` (`nationality_id`);

--
-- Indexes for table `user_roles`
--
ALTER TABLE `user_roles`
  ADD PRIMARY KEY (`user_id`,`role_id`),
  ADD KEY `fk_user_roles_role_id_idx` (`role_id`);

--
-- AUTO_INCREMENT for dumped tables
--

--
-- AUTO_INCREMENT for table `bookings`
--
ALTER TABLE `bookings`
  MODIFY `booking_id` int(10) UNSIGNED NOT NULL AUTO_INCREMENT, AUTO_INCREMENT=47;

--
-- AUTO_INCREMENT for table `booking_seats`
--
ALTER TABLE `booking_seats`
  MODIFY `booking_seat_id` bigint(20) UNSIGNED NOT NULL AUTO_INCREMENT, AUTO_INCREMENT=49;

--
-- AUTO_INCREMENT for table `buses`
--
ALTER TABLE `buses`
  MODIFY `bus_id` int(10) UNSIGNED NOT NULL AUTO_INCREMENT, AUTO_INCREMENT=33;

--
-- AUTO_INCREMENT for table `bus_layouts`
--
ALTER TABLE `bus_layouts`
  MODIFY `layout_id` int(11) NOT NULL AUTO_INCREMENT, AUTO_INCREMENT=61;

--
-- AUTO_INCREMENT for table `bus_layout_seats`
--
ALTER TABLE `bus_layout_seats`
  MODIFY `layout_seat_id` int(11) NOT NULL AUTO_INCREMENT, AUTO_INCREMENT=397;

--
-- AUTO_INCREMENT for table `cancellation_policies`
--
ALTER TABLE `cancellation_policies`
  MODIFY `policy_id` int(10) UNSIGNED NOT NULL AUTO_INCREMENT, AUTO_INCREMENT=5;

--
-- AUTO_INCREMENT for table `cancellation_policy_rules`
--
ALTER TABLE `cancellation_policy_rules`
  MODIFY `rule_id` int(10) UNSIGNED NOT NULL AUTO_INCREMENT, AUTO_INCREMENT=5;

--
-- AUTO_INCREMENT for table `cities`
--
ALTER TABLE `cities`
  MODIFY `city_id` int(10) UNSIGNED NOT NULL AUTO_INCREMENT, AUTO_INCREMENT=11;

--
-- AUTO_INCREMENT for table `countries`
--
ALTER TABLE `countries`
  MODIFY `country_id` smallint(5) UNSIGNED NOT NULL AUTO_INCREMENT, AUTO_INCREMENT=3;

--
-- AUTO_INCREMENT for table `document_action_logs`
--
ALTER TABLE `document_action_logs`
  MODIFY `log_id` int(10) UNSIGNED NOT NULL AUTO_INCREMENT, AUTO_INCREMENT=22;

--
-- AUTO_INCREMENT for table `document_action_types`
--
ALTER TABLE `document_action_types`
  MODIFY `type_id` int(11) NOT NULL AUTO_INCREMENT, AUTO_INCREMENT=4;

--
-- AUTO_INCREMENT for table `document_statuses`
--
ALTER TABLE `document_statuses`
  MODIFY `status_id` int(10) UNSIGNED NOT NULL AUTO_INCREMENT, AUTO_INCREMENT=4;

--
-- AUTO_INCREMENT for table `drivers`
--
ALTER TABLE `drivers`
  MODIFY `driver_id` int(10) UNSIGNED NOT NULL AUTO_INCREMENT, AUTO_INCREMENT=23;

--
-- AUTO_INCREMENT for table `fares`
--
ALTER TABLE `fares`
  MODIFY `fare_id` int(10) UNSIGNED NOT NULL AUTO_INCREMENT, AUTO_INCREMENT=248;

--
-- AUTO_INCREMENT for table `genders`
--
ALTER TABLE `genders`
  MODIFY `gender_id` int(11) NOT NULL AUTO_INCREMENT, AUTO_INCREMENT=4;

--
-- AUTO_INCREMENT for table `nationalities`
--
ALTER TABLE `nationalities`
  MODIFY `nationality_id` int(11) NOT NULL AUTO_INCREMENT, AUTO_INCREMENT=7;

--
-- AUTO_INCREMENT for table `partners`
--
ALTER TABLE `partners`
  MODIFY `partner_id` int(10) UNSIGNED NOT NULL AUTO_INCREMENT, AUTO_INCREMENT=30;

--
-- AUTO_INCREMENT for table `partner_branches`
--
ALTER TABLE `partner_branches`
  MODIFY `branch_id` int(10) UNSIGNED NOT NULL AUTO_INCREMENT, AUTO_INCREMENT=2;

--
-- AUTO_INCREMENT for table `partner_documents`
--
ALTER TABLE `partner_documents`
  MODIFY `document_id` int(10) UNSIGNED NOT NULL AUTO_INCREMENT, AUTO_INCREMENT=14;

--
-- AUTO_INCREMENT for table `partner_document_types`
--
ALTER TABLE `partner_document_types`
  MODIFY `type_id` int(10) UNSIGNED NOT NULL AUTO_INCREMENT, AUTO_INCREMENT=5;

--
-- AUTO_INCREMENT for table `partner_employees`
--
ALTER TABLE `partner_employees`
  MODIFY `employee_id` int(10) UNSIGNED NOT NULL AUTO_INCREMENT, AUTO_INCREMENT=2;

--
-- AUTO_INCREMENT for table `partner_settlements`
--
ALTER TABLE `partner_settlements`
  MODIFY `settlement_id` int(10) UNSIGNED NOT NULL AUTO_INCREMENT;

--
-- AUTO_INCREMENT for table `passenger_document_types`
--
ALTER TABLE `passenger_document_types`
  MODIFY `type_id` int(11) NOT NULL AUTO_INCREMENT, AUTO_INCREMENT=5;

--
-- AUTO_INCREMENT for table `passenger_relationships`
--
ALTER TABLE `passenger_relationships`
  MODIFY `relationship_id` int(11) NOT NULL AUTO_INCREMENT, AUTO_INCREMENT=8;

--
-- AUTO_INCREMENT for table `permissions`
--
ALTER TABLE `permissions`
  MODIFY `id` int(10) UNSIGNED NOT NULL AUTO_INCREMENT, AUTO_INCREMENT=49;

--
-- AUTO_INCREMENT for table `roles`
--
ALTER TABLE `roles`
  MODIFY `id` int(10) UNSIGNED NOT NULL AUTO_INCREMENT, AUTO_INCREMENT=13;

--
-- AUTO_INCREMENT for table `routes`
--
ALTER TABLE `routes`
  MODIFY `route_id` int(10) UNSIGNED NOT NULL AUTO_INCREMENT, AUTO_INCREMENT=126;

--
-- AUTO_INCREMENT for table `route_stops`
--
ALTER TABLE `route_stops`
  MODIFY `route_stop_id` int(10) UNSIGNED NOT NULL AUTO_INCREMENT, AUTO_INCREMENT=61;

--
-- AUTO_INCREMENT for table `saved_passengers`
--
ALTER TABLE `saved_passengers`
  MODIFY `saved_passenger_id` int(10) UNSIGNED NOT NULL AUTO_INCREMENT, AUTO_INCREMENT=21;

--
-- AUTO_INCREMENT for table `schedules`
--
ALTER TABLE `schedules`
  MODIFY `schedule_id` int(10) UNSIGNED NOT NULL AUTO_INCREMENT, AUTO_INCREMENT=9;

--
-- AUTO_INCREMENT for table `schedule_recurrence_rules`
--
ALTER TABLE `schedule_recurrence_rules`
  MODIFY `rule_id` int(10) UNSIGNED NOT NULL AUTO_INCREMENT, AUTO_INCREMENT=9;

--
-- AUTO_INCREMENT for table `transactions`
--
ALTER TABLE `transactions`
  MODIFY `transaction_id` bigint(20) UNSIGNED NOT NULL AUTO_INCREMENT, AUTO_INCREMENT=19;

--
-- AUTO_INCREMENT for table `transaction_statuses`
--
ALTER TABLE `transaction_statuses`
  MODIFY `status_id` int(11) NOT NULL AUTO_INCREMENT, AUTO_INCREMENT=4;

--
-- AUTO_INCREMENT for table `transaction_types`
--
ALTER TABLE `transaction_types`
  MODIFY `type_id` int(11) NOT NULL AUTO_INCREMENT, AUTO_INCREMENT=3;

--
-- AUTO_INCREMENT for table `trips`
--
ALTER TABLE `trips`
  MODIFY `trip_id` int(10) UNSIGNED NOT NULL AUTO_INCREMENT, AUTO_INCREMENT=310;

--
-- AUTO_INCREMENT for table `trip_drivers`
--
ALTER TABLE `trip_drivers`
  MODIFY `trip_driver_id` int(10) UNSIGNED NOT NULL AUTO_INCREMENT, AUTO_INCREMENT=59;

--
-- AUTO_INCREMENT for table `trip_seats`
--
ALTER TABLE `trip_seats`
  MODIFY `seat_id` bigint(20) UNSIGNED NOT NULL AUTO_INCREMENT, AUTO_INCREMENT=1249;

--
-- AUTO_INCREMENT for table `users`
--
ALTER TABLE `users`
  MODIFY `user_id` int(10) UNSIGNED NOT NULL AUTO_INCREMENT, AUTO_INCREMENT=58;

--
-- قيود الجداول المُلقاة.
--

--
-- قيود الجداول `bookings`
--
ALTER TABLE `bookings`
  ADD CONSTRAINT `fk_bookings_status` FOREIGN KEY (`status_id`) REFERENCES `booking_statuses` (`status_id`),
  ADD CONSTRAINT `fk_bookings_trips` FOREIGN KEY (`trip_id`) REFERENCES `trips` (`trip_id`) ON UPDATE CASCADE,
  ADD CONSTRAINT `fk_bookings_users` FOREIGN KEY (`user_id`) REFERENCES `users` (`user_id`) ON UPDATE CASCADE;

--
-- قيود الجداول `booking_seats`
--
ALTER TABLE `booking_seats`
  ADD CONSTRAINT `fk_booking_seats_bookings` FOREIGN KEY (`booking_id`) REFERENCES `bookings` (`booking_id`) ON DELETE CASCADE ON UPDATE CASCADE,
  ADD CONSTRAINT `fk_booking_seats_doc_type` FOREIGN KEY (`document_type_id`) REFERENCES `passenger_document_types` (`type_id`),
  ADD CONSTRAINT `fk_booking_seats_gender` FOREIGN KEY (`gender_id`) REFERENCES `genders` (`gender_id`),
  ADD CONSTRAINT `fk_booking_seats_nationality` FOREIGN KEY (`nationality_id`) REFERENCES `nationalities` (`nationality_id`),
  ADD CONSTRAINT `fk_booking_seats_status` FOREIGN KEY (`status_id`) REFERENCES `ticket_statuses` (`status_id`) ON UPDATE CASCADE,
  ADD CONSTRAINT `fk_booking_seats_trip_seats` FOREIGN KEY (`trip_seat_id`) REFERENCES `trip_seats` (`seat_id`) ON UPDATE CASCADE;

--
-- قيود الجداول `buses`
--
ALTER TABLE `buses`
  ADD CONSTRAINT `fk_bus_layout` FOREIGN KEY (`layout_id`) REFERENCES `bus_layouts` (`layout_id`),
  ADD CONSTRAINT `fk_buses_partners` FOREIGN KEY (`partner_id`) REFERENCES `partners` (`partner_id`) ON DELETE CASCADE ON UPDATE CASCADE,
  ADD CONSTRAINT `fk_buses_status_new` FOREIGN KEY (`status_id`) REFERENCES `bus_statuses` (`status_id`) ON UPDATE CASCADE;

--
-- قيود الجداول `bus_layouts`
--
ALTER TABLE `bus_layouts`
  ADD CONSTRAINT `fk_layout_partner` FOREIGN KEY (`partner_id`) REFERENCES `partners` (`partner_id`) ON DELETE CASCADE;

--
-- قيود الجداول `bus_layout_seats`
--
ALTER TABLE `bus_layout_seats`
  ADD CONSTRAINT `bus_layout_seats_ibfk_1` FOREIGN KEY (`layout_id`) REFERENCES `bus_layouts` (`layout_id`) ON DELETE CASCADE,
  ADD CONSTRAINT `bus_layout_seats_ibfk_2` FOREIGN KEY (`class_id`) REFERENCES `bus_classes` (`class_id`);

--
-- قيود الجداول `cancellation_policies`
--
ALTER TABLE `cancellation_policies`
  ADD CONSTRAINT `fk_cancellation_policies_partners` FOREIGN KEY (`partner_id`) REFERENCES `partners` (`partner_id`) ON DELETE CASCADE ON UPDATE CASCADE;

--
-- قيود الجداول `cancellation_policy_rules`
--
ALTER TABLE `cancellation_policy_rules`
  ADD CONSTRAINT `fk_cancellation_rules_policies` FOREIGN KEY (`policy_id`) REFERENCES `cancellation_policies` (`policy_id`) ON DELETE CASCADE ON UPDATE CASCADE;

--
-- قيود الجداول `cities`
--
ALTER TABLE `cities`
  ADD CONSTRAINT `fk_cities_countries` FOREIGN KEY (`country_id`) REFERENCES `countries` (`country_id`) ON UPDATE CASCADE;

--
-- قيود الجداول `document_action_logs`
--
ALTER TABLE `document_action_logs`
  ADD CONSTRAINT `fk_log_doc_id` FOREIGN KEY (`document_id`) REFERENCES `partner_documents` (`document_id`) ON DELETE CASCADE ON UPDATE NO ACTION,
  ADD CONSTRAINT `fk_log_user_id` FOREIGN KEY (`action_by_user_id`) REFERENCES `users` (`user_id`) ON UPDATE NO ACTION,
  ADD CONSTRAINT `fk_logs_action_type` FOREIGN KEY (`action_type_id`) REFERENCES `document_action_types` (`type_id`) ON UPDATE CASCADE;

--
-- قيود الجداول `drivers`
--
ALTER TABLE `drivers`
  ADD CONSTRAINT `fk_drivers_partners` FOREIGN KEY (`partner_id`) REFERENCES `partners` (`partner_id`) ON DELETE CASCADE ON UPDATE CASCADE,
  ADD CONSTRAINT `fk_drivers_status` FOREIGN KEY (`status_id`) REFERENCES `driver_statuses` (`status_id`),
  ADD CONSTRAINT `fk_drivers_users` FOREIGN KEY (`user_id`) REFERENCES `users` (`user_id`) ON DELETE CASCADE ON UPDATE CASCADE;

--
-- قيود الجداول `fares`
--
ALTER TABLE `fares`
  ADD CONSTRAINT `fk_fares_class` FOREIGN KEY (`class_id`) REFERENCES `bus_classes` (`class_id`),
  ADD CONSTRAINT `fk_fares_trips` FOREIGN KEY (`trip_id`) REFERENCES `trips` (`trip_id`) ON DELETE CASCADE ON UPDATE CASCADE;

--
-- قيود الجداول `partners`
--
ALTER TABLE `partners`
  ADD CONSTRAINT `fk_partners_status` FOREIGN KEY (`status_id`) REFERENCES `partner_statuses` (`status_id`) ON UPDATE CASCADE,
  ADD CONSTRAINT `fk_partners_users` FOREIGN KEY (`user_id`) REFERENCES `users` (`user_id`) ON DELETE CASCADE ON UPDATE CASCADE;

--
-- قيود الجداول `partner_branches`
--
ALTER TABLE `partner_branches`
  ADD CONSTRAINT `fk_partner_branches_cities` FOREIGN KEY (`city_id`) REFERENCES `cities` (`city_id`) ON UPDATE CASCADE,
  ADD CONSTRAINT `fk_partner_branches_partners` FOREIGN KEY (`partner_id`) REFERENCES `partners` (`partner_id`) ON DELETE CASCADE ON UPDATE CASCADE;

--
-- قيود الجداول `partner_documents`
--
ALTER TABLE `partner_documents`
  ADD CONSTRAINT `fk_doc_partner_id` FOREIGN KEY (`partner_id`) REFERENCES `partners` (`partner_id`) ON DELETE CASCADE ON UPDATE NO ACTION,
  ADD CONSTRAINT `fk_doc_status_id` FOREIGN KEY (`status_id`) REFERENCES `document_statuses` (`status_id`) ON UPDATE NO ACTION,
  ADD CONSTRAINT `fk_doc_type_id` FOREIGN KEY (`document_type_id`) REFERENCES `partner_document_types` (`type_id`) ON UPDATE NO ACTION;

--
-- قيود الجداول `partner_employees`
--
ALTER TABLE `partner_employees`
  ADD CONSTRAINT `fk_partner_employees_branches` FOREIGN KEY (`branch_id`) REFERENCES `partner_branches` (`branch_id`) ON DELETE SET NULL ON UPDATE CASCADE,
  ADD CONSTRAINT `fk_partner_employees_partners` FOREIGN KEY (`partner_id`) REFERENCES `partners` (`partner_id`) ON DELETE CASCADE ON UPDATE CASCADE,
  ADD CONSTRAINT `fk_partner_employees_users` FOREIGN KEY (`user_id`) REFERENCES `users` (`user_id`) ON DELETE CASCADE ON UPDATE CASCADE;

--
-- قيود الجداول `partner_settlements`
--
ALTER TABLE `partner_settlements`
  ADD CONSTRAINT `fk_partner_settlements_partners` FOREIGN KEY (`partner_id`) REFERENCES `partners` (`partner_id`) ON UPDATE CASCADE;

--
-- قيود الجداول `roles`
--
ALTER TABLE `roles`
  ADD CONSTRAINT `fk_roles_partner` FOREIGN KEY (`partner_id`) REFERENCES `partners` (`partner_id`) ON DELETE CASCADE;

--
-- قيود الجداول `role_permissions`
--
ALTER TABLE `role_permissions`
  ADD CONSTRAINT `fk_role_permissions_permission_id` FOREIGN KEY (`permission_id`) REFERENCES `permissions` (`id`) ON DELETE CASCADE ON UPDATE CASCADE,
  ADD CONSTRAINT `fk_role_permissions_role_id` FOREIGN KEY (`role_id`) REFERENCES `roles` (`id`) ON DELETE CASCADE ON UPDATE CASCADE;

--
-- قيود الجداول `route_stops`
--
ALTER TABLE `route_stops`
  ADD CONSTRAINT `fk_route_stops_cities` FOREIGN KEY (`city_id`) REFERENCES `cities` (`city_id`) ON UPDATE CASCADE,
  ADD CONSTRAINT `fk_route_stops_routes` FOREIGN KEY (`route_id`) REFERENCES `routes` (`route_id`) ON DELETE CASCADE ON UPDATE CASCADE;

--
-- قيود الجداول `saved_passengers`
--
ALTER TABLE `saved_passengers`
  ADD CONSTRAINT `fk_saved_passengers_doc_type` FOREIGN KEY (`document_type_id`) REFERENCES `passenger_document_types` (`type_id`),
  ADD CONSTRAINT `fk_saved_passengers_gender` FOREIGN KEY (`gender_id`) REFERENCES `genders` (`gender_id`),
  ADD CONSTRAINT `fk_saved_passengers_nationality` FOREIGN KEY (`nationality_id`) REFERENCES `nationalities` (`nationality_id`),
  ADD CONSTRAINT `fk_saved_passengers_relationship` FOREIGN KEY (`relationship_id`) REFERENCES `passenger_relationships` (`relationship_id`),
  ADD CONSTRAINT `fk_saved_passengers_users` FOREIGN KEY (`user_id`) REFERENCES `users` (`user_id`) ON DELETE CASCADE ON UPDATE CASCADE;

--
-- قيود الجداول `schedules`
--
ALTER TABLE `schedules`
  ADD CONSTRAINT `fk_schedules_partners` FOREIGN KEY (`partner_id`) REFERENCES `partners` (`partner_id`) ON DELETE CASCADE ON UPDATE CASCADE,
  ADD CONSTRAINT `fk_schedules_routes` FOREIGN KEY (`route_id`) REFERENCES `routes` (`route_id`) ON UPDATE CASCADE;

--
-- قيود الجداول `schedule_recurrence_rules`
--
ALTER TABLE `schedule_recurrence_rules`
  ADD CONSTRAINT `fk_schedule_rules_schedules` FOREIGN KEY (`schedule_id`) REFERENCES `schedules` (`schedule_id`) ON DELETE CASCADE ON UPDATE CASCADE;

--
-- قيود الجداول `transactions`
--
ALTER TABLE `transactions`
  ADD CONSTRAINT `fk_transactions_bookings` FOREIGN KEY (`booking_id`) REFERENCES `bookings` (`booking_id`) ON DELETE SET NULL ON UPDATE CASCADE,
  ADD CONSTRAINT `fk_transactions_status` FOREIGN KEY (`status_id`) REFERENCES `transaction_statuses` (`status_id`) ON UPDATE CASCADE,
  ADD CONSTRAINT `fk_transactions_type` FOREIGN KEY (`type_id`) REFERENCES `transaction_types` (`type_id`) ON UPDATE CASCADE;

--
-- قيود الجداول `trips`
--
ALTER TABLE `trips`
  ADD CONSTRAINT `fk_trips_buses` FOREIGN KEY (`bus_id`) REFERENCES `buses` (`bus_id`) ON UPDATE CASCADE,
  ADD CONSTRAINT `fk_trips_partners` FOREIGN KEY (`partner_id`) REFERENCES `partners` (`partner_id`) ON UPDATE CASCADE,
  ADD CONSTRAINT `fk_trips_routes` FOREIGN KEY (`route_id`) REFERENCES `routes` (`route_id`) ON UPDATE CASCADE,
  ADD CONSTRAINT `fk_trips_schedules` FOREIGN KEY (`schedule_id`) REFERENCES `schedules` (`schedule_id`) ON DELETE SET NULL ON UPDATE CASCADE,
  ADD CONSTRAINT `fk_trips_status` FOREIGN KEY (`status_id`) REFERENCES `trip_statuses` (`status_id`) ON UPDATE CASCADE;

--
-- قيود الجداول `trip_drivers`
--
ALTER TABLE `trip_drivers`
  ADD CONSTRAINT `fk_trip_drivers_drivers` FOREIGN KEY (`driver_id`) REFERENCES `drivers` (`driver_id`) ON UPDATE CASCADE,
  ADD CONSTRAINT `fk_trip_drivers_role` FOREIGN KEY (`role_id`) REFERENCES `driver_trip_roles` (`role_id`),
  ADD CONSTRAINT `fk_trip_drivers_trips` FOREIGN KEY (`trip_id`) REFERENCES `trips` (`trip_id`) ON DELETE CASCADE ON UPDATE CASCADE;

--
-- قيود الجداول `trip_seats`
--
ALTER TABLE `trip_seats`
  ADD CONSTRAINT `fk_trip_seats_bus_layout_seat_id` FOREIGN KEY (`bus_layout_seat_id`) REFERENCES `bus_layout_seats` (`layout_seat_id`) ON UPDATE CASCADE,
  ADD CONSTRAINT `fk_trip_seats_fares` FOREIGN KEY (`fare_id`) REFERENCES `fares` (`fare_id`) ON UPDATE CASCADE,
  ADD CONSTRAINT `fk_trip_seats_status` FOREIGN KEY (`status_id`) REFERENCES `seat_statuses` (`status_id`),
  ADD CONSTRAINT `fk_trip_seats_trips` FOREIGN KEY (`trip_id`) REFERENCES `trips` (`trip_id`) ON DELETE CASCADE ON UPDATE CASCADE;

--
-- قيود الجداول `users`
--
ALTER TABLE `users`
  ADD CONSTRAINT `fk_users_gender` FOREIGN KEY (`gender_id`) REFERENCES `genders` (`gender_id`),
  ADD CONSTRAINT `fk_users_nationality` FOREIGN KEY (`nationality_id`) REFERENCES `nationalities` (`nationality_id`);

--
-- قيود الجداول `user_roles`
--
ALTER TABLE `user_roles`
  ADD CONSTRAINT `fk_user_roles_role_id` FOREIGN KEY (`role_id`) REFERENCES `roles` (`id`) ON DELETE CASCADE ON UPDATE CASCADE,
  ADD CONSTRAINT `fk_user_roles_user_id` FOREIGN KEY (`user_id`) REFERENCES `users` (`user_id`) ON DELETE CASCADE ON UPDATE CASCADE;
COMMIT;

/*!40101 SET CHARACTER_SET_CLIENT=@OLD_CHARACTER_SET_CLIENT */;
/*!40101 SET CHARACTER_SET_RESULTS=@OLD_CHARACTER_SET_RESULTS */;
/*!40101 SET COLLATION_CONNECTION=@OLD_COLLATION_CONNECTION */;
